trademark_gid,fk_mark_drawing_type_cd,fk_fee_process_type_cd,serial_num_tx,registration_num,filing_dt,registry_ct,standard_character_tx,mark_description_tx,preferred_contact_method_ct,effective_filing_dt,collective_in,legacy_status_cd,lock_control_no,create_ts,create_user_id,last_mod_ts,last_mod_user_id,cfk_transaction_instance_gid,begin_effective_ts,end_effective_ts,status_dt,last_action_dt,action_ct,available_for_sou_in,external_reference_tx,last_event_type_cd,uspto_generated_image_in,fk_filed_fee_process_type_cd
Trademark:0:60000393,0,TEAS,60000393,393,null,P,null,null,M,2005-10-21T00:00:00.000Z,N,626,0,2016-03-16T21:09:49.337Z,3333330002,2016-03-16T21:09:49.337Z,3333330002,Transaction:0:1,2016-03-16T21:09:49.337Z,null,2005-10-21T00:00:00.000Z,null,I,N,null,null,N,TEAS
Trademark:0:60000394,0,TEAS,60000394,394,null,P,null,null,M,2005-10-21T00:00:00.000Z,N,626,0,2016-03-16T21:09:49.338Z,3333330002,2016-03-16T21:09:49.338Z,3333330002,Transaction:0:1,2016-03-16T21:09:49.338Z,null,2005-10-21T00:00:00.000Z,null,I,N,null,null,N,TEAS
Trademark:0:60000395,0,TEAS,60000395,395,null,P,null,null,M,2005-10-21T00:00:00.000Z,N,626,0,2016-03-16T21:09:49.338Z,3333330002,2016-03-16T21:09:49.338Z,3333330002,Transaction:0:1,2016-03-16T21:09:49.338Z,null,2005-10-21T00:00:00.000Z,null,I,N,null,null,N,TEAS
Trademark:0:60000396,0,TEAS,60000396,396,null,P,null,null,M,2005-10-21T00:00:00.000Z,N,626,0,2016-03-16T21:09:49.339Z,3333330002,2016-03-16T21:09:49.339Z,3333330002,Transaction:0:1,2016-03-16T21:09:49.339Z,null,2005-10-21T00:00:00.000Z,null,I,N,null,null,N,TEAS
Trademark:0:60000397,0,TEAS,60000397,397,null,P,null,null,M,2005-10-21T00:00:00.000Z,N,626,0,2016-03-16T21:09:49.340Z,3333330002,2016-03-16T21:09:49.340Z,3333330002,Transaction:0:1,2016-03-16T21:09:49.340Z,null,2005-10-21T00:00:00.000Z,null,I,N,null,null,N,TEAS
Trademark:0:60000399,0,TEAS,60000399,399,null,P,null,null,M,2005-10-21T00:00:00.000Z,N,626,0,2016-03-16T21:09:49.340Z,3333330002,2016-03-16T21:09:49.340Z,3333330002,Transaction:0:1,2016-03-16T21:09:49.340Z,null,2005-10-21T00:00:00.000Z,null,I,N,null,null,N,TEAS
Trademark:0:60000400,0,TEAS,60000400,400,null,P,null,null,M,2005-10-21T00:00:00.000Z,N,626,0,2016-03-16T21:09:49.341Z,3333330002,2016-03-16T21:09:49.341Z,3333330002,Transaction:0:1,2016-03-16T21:09:49.341Z,null,2005-10-21T00:00:00.000Z,null,I,N,null,null,N,TEAS
Trademark:0:60000402,0,TEAS,60000402,402,null,P,null,null,M,2005-10-21T00:00:00.000Z,N,626,0,2016-03-16T21:09:49.342Z,3333330002,2016-03-16T21:09:49.342Z,3333330002,Transaction:0:1,2016-03-16T21:09:49.342Z,null,2005-10-21T00:00:00.000Z,null,I,N,null,null,N,TEAS
Trademark:0:60000404,0,TEAS,60000404,404,null,P,null,null,M,2005-10-21T00:00:00.000Z,N,626,0,2016-03-16T21:09:49.343Z,3333330002,2016-03-16T21:09:49.343Z,3333330002,Transaction:0:1,2016-03-16T21:09:49.343Z,null,2005-10-21T00:00:00.000Z,null,I,N,null,null,N,TEAS
Trademark:0:60000405,0,TEAS,60000405,405,null,P,null,null,M,2005-10-21T00:00:00.000Z,N,626,0,2016-03-16T21:09:49.344Z,3333330002,2016-03-16T21:09:49.344Z,3333330002,Transaction:0:1,2016-03-16T21:09:49.344Z,null,2005-10-21T00:00:00.000Z,null,I,N,null,null,N,TEAS
Trademark:0:60000406,0,TEAS,60000406,406,null,P,null,null,M,2005-10-21T00:00:00.000Z,N,626,0,2016-03-16T21:09:49.344Z,3333330002,2016-03-16T21:09:49.344Z,3333330002,Transaction:0:1,2016-03-16T21:09:49.344Z,null,2005-10-21T00:00:00.000Z,null,I,N,null,null,N,TEAS
Trademark:0:60000407,0,TEAS,60000407,407,null,P,null,null,M,2005-10-21T00:00:00.000Z,N,626,0,2016-03-16T21:09:49.345Z,3333330002,2016-03-16T21:09:49.345Z,3333330002,Transaction:0:1,2016-03-16T21:09:49.345Z,null,2005-10-21T00:00:00.000Z,null,I,N,null,null,N,TEAS
Trademark:0:60000408,0,TEAS,60000408,408,null,P,null,null,M,2005-10-21T00:00:00.000Z,N,626,0,2016-03-16T21:09:49.345Z,3333330002,2016-03-16T21:09:49.345Z,3333330002,Transaction:0:1,2016-03-16T21:09:49.345Z,null,2005-10-21T00:00:00.000Z,null,I,N,null,null,N,TEAS
Trademark:0:60000001,0,TEAS,60000001,1,null,P,null,null,M,2005-10-11T00:00:00.000Z,N,626,0,2016-03-16T21:09:48.929Z,3333330002,2016-03-16T21:09:48.929Z,3333330002,Transaction:0:1,2016-03-16T21:09:48.929Z,null,2005-10-11T00:00:00.000Z,null,I,N,null,null,N,TEAS
Trademark:0:60000002,0,TEAS,60000002,2,null,P,null,null,M,2005-10-11T00:00:00.000Z,N,626,0,2016-03-16T21:09:49.097Z,3333330002,2016-03-16T21:09:49.097Z,3333330002,Transaction:0:1,2016-03-16T21:09:49.097Z,null,2005-10-11T00:00:00.000Z,null,I,N,null,null,N,TEAS
Trademark:0:60000003,0,TEAS,60000003,3,null,P,null,null,M,2005-10-11T00:00:00.000Z,N,626,0,2016-03-16T21:09:49.097Z,3333330002,2016-03-16T21:09:49.097Z,3333330002,Transaction:0:1,2016-03-16T21:09:49.097Z,null,2005-10-11T00:00:00.000Z,null,I,N,null,null,N,TEAS
Trademark:0:60000004,0,TEAS,60000004,4,null,P,null,null,M,2005-10-11T00:00:00.000Z,N,626,0,2016-03-16T21:09:49.098Z,3333330002,2016-03-16T21:09:49.098Z,3333330002,Transaction:0:1,2016-03-16T21:09:49.098Z,null,2005-10-11T00:00:00.000Z,null,I,N,null,null,N,TEAS
Trademark:0:60000005,0,TEAS,60000005,5,null,P,null,null,M,2005-10-11T00:00:00.000Z,N,626,0,2016-03-16T21:09:49.098Z,3333330002,2016-03-16T21:09:49.098Z,3333330002,Transaction:0:1,2016-03-16T21:09:49.098Z,null,2005-10-11T00:00:00.000Z,null,I,N,null,null,N,TEAS
Trademark:0:60000006,0,TEAS,60000006,6,null,P,null,null,M,2005-10-11T00:00:00.000Z,N,626,0,2016-03-16T21:09:49.099Z,3333330002,2016-03-16T21:09:49.099Z,3333330002,Transaction:0:1,2016-03-16T21:09:49.099Z,null,2005-10-11T00:00:00.000Z,null,I,N,null,null,N,TEAS
Trademark:0:60000007,0,TEAS,60000007,7,null,P,null,null,M,2005-10-11T00:00:00.000Z,N,626,0,2016-03-16T21:09:49.100Z,3333330002,2016-03-16T21:09:49.100Z,3333330002,Transaction:0:1,2016-03-16T21:09:49.100Z,null,2005-10-11T00:00:00.000Z,null,I,N,null,null,N,TEAS
Trademark:0:60000009,0,TEAS,60000009,9,null,P,null,null,M,null,N,626,0,2016-03-16T21:09:49.101Z,3333330002,2016-03-16T21:09:49.101Z,3333330002,Transaction:0:1,2016-03-16T21:09:49.101Z,2021-08-24T13:41:09.239Z,2005-10-11T00:00:00.000Z,null,I,N,null,null,N,null
Trademark:0:60000011,0,TEAS,60000011,11,null,P,null,null,M,2005-10-11T00:00:00.000Z,N,626,0,2016-03-16T21:09:49.102Z,3333330002,2016-03-16T21:09:49.102Z,3333330002,Transaction:0:1,2016-03-16T21:09:49.102Z,null,2005-10-11T00:00:00.000Z,null,I,N,null,null,N,TEAS
Trademark:0:60000012,0,TEAS,60000012,12,null,P,null,null,M,2005-10-11T00:00:00.000Z,N,626,0,2016-03-16T21:09:49.103Z,3333330002,2016-03-16T21:09:49.103Z,3333330002,Transaction:0:1,2016-03-16T21:09:49.103Z,null,2005-10-11T00:00:00.000Z,null,I,N,null,null,N,TEAS
Trademark:0:60000013,0,TEAS,60000013,13,null,P,null,null,M,2005-10-11T00:00:00.000Z,N,626,0,2016-03-16T21:09:49.103Z,3333330002,2016-03-16T21:09:49.103Z,3333330002,Transaction:0:1,2016-03-16T21:09:49.103Z,null,2005-10-11T00:00:00.000Z,null,I,N,null,null,N,TEAS
Trademark:0:60000014,0,TEAS,60000014,14,null,P,null,null,M,2005-10-11T00:00:00.000Z,N,626,0,2016-03-16T21:09:49.104Z,3333330002,2016-03-16T21:09:49.104Z,3333330002,Transaction:0:1,2016-03-16T21:09:49.104Z,null,2005-10-11T00:00:00.000Z,null,I,N,null,null,N,TEAS
Trademark:0:60000016,0,TEAS,60000016,16,null,P,null,null,M,2005-10-11T00:00:00.000Z,N,626,0,2016-03-16T21:09:49.105Z,3333330002,2016-03-16T21:09:49.105Z,3333330002,Transaction:0:1,2016-03-16T21:09:49.105Z,null,2005-10-11T00:00:00.000Z,null,I,N,null,null,N,TEAS
Trademark:0:60000017,0,TEAS,60000017,17,null,P,null,null,M,2005-10-11T00:00:00.000Z,N,626,0,2016-03-16T21:09:49.106Z,3333330002,2016-03-16T21:09:49.106Z,3333330002,Transaction:0:1,2016-03-16T21:09:49.106Z,null,2005-10-11T00:00:00.000Z,null,I,N,null,null,N,TEAS
Trademark:0:60000018,0,TEAS,60000018,18,null,P,null,null,M,2005-10-11T00:00:00.000Z,N,626,0,2016-03-16T21:09:49.107Z,3333330002,2016-03-16T21:09:49.107Z,3333330002,Transaction:0:1,2016-03-16T21:09:49.107Z,null,2005-10-11T00:00:00.000Z,null,I,N,null,null,N,TEAS
Trademark:0:60000019,0,TEAS,60000019,19,null,P,null,null,M,2005-10-11T00:00:00.000Z,N,626,0,2016-03-16T21:09:49.107Z,3333330002,2016-03-16T21:09:49.107Z,3333330002,Transaction:0:1,2016-03-16T21:09:49.107Z,null,2005-10-11T00:00:00.000Z,null,I,N,null,null,N,TEAS
Trademark:0:60000020,0,TEAS,60000020,20,null,P,null,null,M,2005-10-11T00:00:00.000Z,N,626,0,2016-03-16T21:09:49.108Z,3333330002,2016-03-16T21:09:49.108Z,3333330002,Transaction:0:1,2016-03-16T21:09:49.108Z,null,2005-10-11T00:00:00.000Z,null,I,N,null,null,N,TEAS
Trademark:0:60000021,0,TEAS,60000021,21,null,P,null,null,M,2005-10-11T00:00:00.000Z,N,626,0,2016-03-16T21:09:49.109Z,3333330002,2016-03-16T21:09:49.109Z,3333330002,Transaction:0:1,2016-03-16T21:09:49.109Z,null,2005-10-11T00:00:00.000Z,null,I,N,null,null,N,TEAS
Trademark:0:60000022,0,TEAS,60000022,22,null,P,null,null,M,2005-10-11T00:00:00.000Z,N,626,0,2016-03-16T21:09:49.109Z,3333330002,2016-03-16T21:09:49.109Z,3333330002,Transaction:0:1,2016-03-16T21:09:49.109Z,null,2005-10-11T00:00:00.000Z,null,I,N,null,null,N,TEAS
Trademark:0:60000036,0,TEAS,60000036,36,null,P,null,null,M,2005-10-11T00:00:00.000Z,N,626,0,2016-03-16T21:09:49.111Z,3333330002,2016-03-16T21:09:49.111Z,3333330002,Transaction:0:1,2016-03-16T21:09:49.111Z,null,2005-10-11T00:00:00.000Z,null,I,N,null,null,N,TEAS
Trademark:0:60000037,0,TEAS,60000037,37,null,P,null,null,M,2005-10-11T00:00:00.000Z,N,626,0,2016-03-16T21:09:49.112Z,3333330002,2016-03-16T21:09:49.112Z,3333330002,Transaction:0:1,2016-03-16T21:09:49.112Z,null,2005-10-11T00:00:00.000Z,null,I,N,null,null,N,TEAS
Trademark:0:60000038,0,TEAS,60000038,38,null,P,null,null,M,2005-10-11T00:00:00.000Z,N,626,0,2016-03-16T21:09:49.112Z,3333330002,2016-03-16T21:09:49.112Z,3333330002,Transaction:0:1,2016-03-16T21:09:49.112Z,null,2005-10-11T00:00:00.000Z,null,I,N,null,null,N,TEAS
Trademark:0:60000040,0,TEAS,60000040,40,null,P,null,null,M,2005-10-11T00:00:00.000Z,N,626,0,2016-03-16T21:09:49.113Z,3333330002,2016-03-16T21:09:49.113Z,3333330002,Transaction:0:1,2016-03-16T21:09:49.113Z,null,2005-10-11T00:00:00.000Z,null,I,N,null,null,N,TEAS
Trademark:0:60000041,0,TEAS,60000041,41,null,P,null,null,M,2005-10-11T00:00:00.000Z,N,626,0,2016-03-16T21:09:49.114Z,3333330002,2016-03-16T21:09:49.114Z,3333330002,Transaction:0:1,2016-03-16T21:09:49.114Z,null,2005-10-11T00:00:00.000Z,null,I,N,null,null,N,TEAS
Trademark:0:60000042,0,TEAS,60000042,42,null,P,null,null,M,2005-10-11T00:00:00.000Z,N,626,0,2016-03-16T21:09:49.115Z,3333330002,2016-03-16T21:09:49.115Z,3333330002,Transaction:0:1,2016-03-16T21:09:49.115Z,null,2005-10-11T00:00:00.000Z,null,I,N,null,null,N,TEAS
Trademark:0:60000043,0,TEAS,60000043,43,null,P,null,null,M,2005-10-11T00:00:00.000Z,N,626,0,2016-03-16T21:09:49.115Z,3333330002,2016-03-16T21:09:49.115Z,3333330002,Transaction:0:1,2016-03-16T21:09:49.115Z,null,2005-10-11T00:00:00.000Z,null,I,N,null,null,N,TEAS
Trademark:0:60000044,0,TEAS,60000044,44,null,P,null,null,M,2005-10-11T00:00:00.000Z,N,626,0,2016-03-16T21:09:49.116Z,3333330002,2016-03-16T21:09:49.116Z,3333330002,Transaction:0:1,2016-03-16T21:09:49.116Z,null,2005-10-11T00:00:00.000Z,null,I,N,null,null,N,TEAS
Trademark:0:60000046,0,TEAS,60000046,46,null,P,null,null,M,2005-10-11T00:00:00.000Z,N,626,0,2016-03-16T21:09:49.116Z,3333330002,2016-03-16T21:09:49.116Z,3333330002,Transaction:0:1,2016-03-16T21:09:49.116Z,null,2005-10-11T00:00:00.000Z,null,I,N,null,null,N,TEAS
Trademark:0:60000047,0,TEAS,60000047,47,null,P,null,null,M,2005-10-11T00:00:00.000Z,N,626,0,2016-03-16T21:09:49.117Z,3333330002,2016-03-16T21:09:49.117Z,3333330002,Transaction:0:1,2016-03-16T21:09:49.117Z,null,2005-10-11T00:00:00.000Z,null,I,N,null,null,N,TEAS
Trademark:0:60000048,0,TEAS,60000048,48,null,P,null,null,M,2005-10-11T00:00:00.000Z,N,626,0,2016-03-16T21:09:49.118Z,3333330002,2016-03-16T21:09:49.118Z,3333330002,Transaction:0:1,2016-03-16T21:09:49.118Z,null,2005-10-11T00:00:00.000Z,null,I,N,null,null,N,TEAS
Trademark:0:60000049,0,TEAS,60000049,49,null,P,null,null,M,2005-10-11T00:00:00.000Z,N,626,0,2016-03-16T21:09:49.118Z,3333330002,2016-03-16T21:09:49.118Z,3333330002,Transaction:0:1,2016-03-16T21:09:49.118Z,null,2005-10-11T00:00:00.000Z,null,I,N,null,null,N,TEAS
Trademark:0:60000053,0,TEAS,60000053,53,null,P,null,null,M,2005-10-11T00:00:00.000Z,N,626,0,2016-03-16T21:09:49.121Z,3333330002,2016-03-16T21:09:49.121Z,3333330002,Transaction:0:1,2016-03-16T21:09:49.121Z,null,2005-10-11T00:00:00.000Z,null,I,N,null,null,N,TEAS
Trademark:0:60000054,0,TEAS,60000054,54,null,P,null,null,M,2005-10-11T00:00:00.000Z,N,626,0,2016-03-16T21:09:49.121Z,3333330002,2016-03-16T21:09:49.121Z,3333330002,Transaction:0:1,2016-03-16T21:09:49.121Z,null,2005-10-11T00:00:00.000Z,null,I,N,null,null,N,TEAS
Trademark:0:60000055,0,TEAS,60000055,55,null,P,null,null,M,2005-10-11T00:00:00.000Z,N,626,0,2016-03-16T21:09:49.122Z,3333330002,2016-03-16T21:09:49.122Z,3333330002,Transaction:0:1,2016-03-16T21:09:49.122Z,null,2005-10-11T00:00:00.000Z,null,I,N,null,null,N,TEAS
Trademark:0:60000056,0,TEAS,60000056,56,null,P,null,null,M,2005-10-11T00:00:00.000Z,N,626,0,2016-03-16T21:09:49.122Z,3333330002,2016-03-16T21:09:49.122Z,3333330002,Transaction:0:1,2016-03-16T21:09:49.122Z,null,2005-10-11T00:00:00.000Z,null,I,N,null,null,N,TEAS
Trademark:0:60000057,0,TEAS,60000057,57,null,P,null,null,M,2005-10-11T00:00:00.000Z,N,626,0,2016-03-16T21:09:49.123Z,3333330002,2016-03-16T21:09:49.123Z,3333330002,Transaction:0:1,2016-03-16T21:09:49.123Z,null,2005-10-11T00:00:00.000Z,null,I,N,null,null,N,TEAS
Trademark:0:60000058,0,TEAS,60000058,58,null,P,null,null,M,2005-10-11T00:00:00.000Z,N,626,0,2016-03-16T21:09:49.124Z,3333330002,2016-03-16T21:09:49.124Z,3333330002,Transaction:0:1,2016-03-16T21:09:49.124Z,null,2005-10-11T00:00:00.000Z,null,I,N,null,null,N,TEAS
Trademark:0:60000059,0,TEAS,60000059,59,null,P,null,null,M,2005-10-11T00:00:00.000Z,N,626,0,2016-03-16T21:09:49.124Z,3333330002,2016-03-16T21:09:49.124Z,3333330002,Transaction:0:1,2016-03-16T21:09:49.124Z,null,2005-10-11T00:00:00.000Z,null,I,N,null,null,N,TEAS
Trademark:0:60000061,0,TEAS,60000061,61,null,P,null,null,M,2005-10-11T00:00:00.000Z,N,626,0,2016-03-16T21:09:49.125Z,3333330002,2016-03-16T21:09:49.125Z,3333330002,Transaction:0:1,2016-03-16T21:09:49.125Z,null,2005-10-11T00:00:00.000Z,null,I,N,null,null,N,TEAS
Trademark:0:60000062,0,TEAS,60000062,62,null,P,null,null,M,2005-10-11T00:00:00.000Z,N,626,0,2016-03-16T21:09:49.126Z,3333330002,2016-03-16T21:09:49.126Z,3333330002,Transaction:0:1,2016-03-16T21:09:49.126Z,null,2005-10-11T00:00:00.000Z,null,I,N,null,null,N,TEAS
Trademark:0:60000063,0,TEAS,60000063,63,null,P,null,null,M,2005-10-11T00:00:00.000Z,N,626,0,2016-03-16T21:09:49.126Z,3333330002,2016-03-16T21:09:49.126Z,3333330002,Transaction:0:1,2016-03-16T21:09:49.126Z,null,2005-10-11T00:00:00.000Z,null,I,N,null,null,N,TEAS
Trademark:0:60000065,0,TEAS,60000065,65,null,P,null,null,M,2005-10-11T00:00:00.000Z,N,626,0,2016-03-16T21:09:49.127Z,3333330002,2016-03-16T21:09:49.127Z,3333330002,Transaction:0:1,2016-03-16T21:09:49.127Z,null,2005-10-11T00:00:00.000Z,null,I,N,null,null,N,TEAS
Trademark:0:60000066,0,TEAS,60000066,66,null,P,null,null,M,2005-10-11T00:00:00.000Z,N,626,0,2016-03-16T21:09:49.128Z,3333330002,2016-03-16T21:09:49.128Z,3333330002,Transaction:0:1,2016-03-16T21:09:49.128Z,null,2005-10-11T00:00:00.000Z,null,I,N,null,null,N,TEAS
Trademark:0:60000068,0,TEAS,60000068,68,null,P,null,null,M,2005-10-11T00:00:00.000Z,N,626,0,2016-03-16T21:09:49.129Z,3333330002,2016-03-16T21:09:49.129Z,3333330002,Transaction:0:1,2016-03-16T21:09:49.129Z,null,2005-10-11T00:00:00.000Z,null,I,N,null,null,N,TEAS
Trademark:0:60000069,0,TEAS,60000069,69,null,P,null,null,M,2005-10-11T00:00:00.000Z,N,626,0,2016-03-16T21:09:49.130Z,3333330002,2016-03-16T21:09:49.130Z,3333330002,Transaction:0:1,2016-03-16T21:09:49.130Z,null,2005-10-11T00:00:00.000Z,null,I,N,null,null,N,TEAS
Trademark:0:60000070,0,TEAS,60000070,70,null,P,null,null,M,2005-10-11T00:00:00.000Z,N,626,0,2016-03-16T21:09:49.130Z,3333330002,2016-03-16T21:09:49.130Z,3333330002,Transaction:0:1,2016-03-16T21:09:49.130Z,null,2005-10-11T00:00:00.000Z,null,I,N,null,null,N,TEAS
Trademark:0:60000071,0,TEAS,60000071,71,null,P,null,null,M,2005-10-11T00:00:00.000Z,N,626,0,2016-03-16T21:09:49.131Z,3333330002,2016-03-16T21:09:49.131Z,3333330002,Transaction:0:1,2016-03-16T21:09:49.131Z,null,2005-10-11T00:00:00.000Z,null,I,N,null,null,N,TEAS
Trademark:0:60000072,0,TEAS,60000072,72,null,P,null,null,M,2005-10-11T00:00:00.000Z,N,626,0,2016-03-16T21:09:49.132Z,3333330002,2016-03-16T21:09:49.132Z,3333330002,Transaction:0:1,2016-03-16T21:09:49.132Z,null,2005-10-11T00:00:00.000Z,null,I,N,null,null,N,TEAS
Trademark:0:60000073,0,TEAS,60000073,73,null,P,null,null,M,2005-10-11T00:00:00.000Z,N,626,0,2016-03-16T21:09:49.132Z,3333330002,2016-03-16T21:09:49.132Z,3333330002,Transaction:0:1,2016-03-16T21:09:49.132Z,null,2005-10-11T00:00:00.000Z,null,I,N,null,null,N,TEAS
Trademark:0:60000074,0,TEAS,60000074,74,null,P,null,null,M,2005-10-11T00:00:00.000Z,N,626,0,2016-03-16T21:09:49.133Z,3333330002,2016-03-16T21:09:49.133Z,3333330002,Transaction:0:1,2016-03-16T21:09:49.133Z,null,2005-10-11T00:00:00.000Z,null,I,N,null,null,N,TEAS
Trademark:0:60000075,0,TEAS,60000075,75,null,P,null,null,M,2005-10-11T00:00:00.000Z,N,626,0,2016-03-16T21:09:49.134Z,3333330002,2016-03-16T21:09:49.134Z,3333330002,Transaction:0:1,2016-03-16T21:09:49.134Z,null,2005-10-11T00:00:00.000Z,null,I,N,null,null,N,TEAS
Trademark:0:60000076,0,TEAS,60000076,76,null,P,null,null,M,2005-10-11T00:00:00.000Z,N,626,0,2016-03-16T21:09:49.134Z,3333330002,2016-03-16T21:09:49.134Z,3333330002,Transaction:0:1,2016-03-16T21:09:49.134Z,null,2005-10-11T00:00:00.000Z,null,I,N,null,null,N,TEAS
Trademark:0:60000077,0,TEAS,60000077,77,null,P,null,null,M,2005-10-11T00:00:00.000Z,N,626,0,2016-03-16T21:09:49.135Z,3333330002,2016-03-16T21:09:49.135Z,3333330002,Transaction:0:1,2016-03-16T21:09:49.135Z,null,2005-10-11T00:00:00.000Z,null,I,N,null,null,N,TEAS
Trademark:0:60000079,0,TEAS,60000079,79,null,P,null,null,M,2005-10-11T00:00:00.000Z,N,626,0,2016-03-16T21:09:49.135Z,3333330002,2016-03-16T21:09:49.135Z,3333330002,Transaction:0:1,2016-03-16T21:09:49.135Z,null,2005-10-11T00:00:00.000Z,null,I,N,null,null,N,TEAS
Trademark:0:60000081,0,TEAS,60000081,81,null,P,null,null,M,2005-10-11T00:00:00.000Z,N,626,0,2016-03-16T21:09:49.137Z,3333330002,2016-03-16T21:09:49.137Z,3333330002,Transaction:0:1,2016-03-16T21:09:49.137Z,null,2005-10-11T00:00:00.000Z,null,I,N,null,null,N,TEAS
Trademark:0:60000084,0,TEAS,60000084,84,null,P,null,null,M,2005-10-11T00:00:00.000Z,N,626,0,2016-03-16T21:09:49.138Z,3333330002,2016-03-16T21:09:49.138Z,3333330002,Transaction:0:1,2016-03-16T21:09:49.138Z,null,2005-10-11T00:00:00.000Z,null,I,N,null,null,N,TEAS
Trademark:0:60000085,0,TEAS,60000085,85,null,P,null,null,M,2005-10-11T00:00:00.000Z,N,626,0,2016-03-16T21:09:49.138Z,3333330002,2016-03-16T21:09:49.138Z,3333330002,Transaction:0:1,2016-03-16T21:09:49.138Z,null,2005-10-11T00:00:00.000Z,null,I,N,null,null,N,TEAS
Trademark:0:60000087,0,TEAS,60000087,87,null,P,null,null,M,2005-10-11T00:00:00.000Z,N,626,0,2016-03-16T21:09:49.140Z,3333330002,2016-03-16T21:09:49.140Z,3333330002,Transaction:0:1,2016-03-16T21:09:49.140Z,null,2005-10-11T00:00:00.000Z,null,I,N,null,null,N,TEAS
Trademark:0:60000088,0,TEAS,60000088,88,null,P,null,null,M,2005-10-11T00:00:00.000Z,N,626,0,2016-03-16T21:09:49.140Z,3333330002,2016-03-16T21:09:49.140Z,3333330002,Transaction:0:1,2016-03-16T21:09:49.140Z,null,2005-10-11T00:00:00.000Z,null,I,N,null,null,N,TEAS
Trademark:0:60000089,0,TEAS,60000089,89,null,P,null,null,M,2005-10-11T00:00:00.000Z,N,626,0,2016-03-16T21:09:49.141Z,3333330002,2016-03-16T21:09:49.141Z,3333330002,Transaction:0:1,2016-03-16T21:09:49.141Z,null,2005-10-11T00:00:00.000Z,null,I,N,null,null,N,TEAS
Trademark:0:60000090,0,TEAS,60000090,90,null,P,null,null,M,2005-10-11T00:00:00.000Z,N,626,0,2016-03-16T21:09:49.142Z,3333330002,2016-03-16T21:09:49.142Z,3333330002,Transaction:0:1,2016-03-16T21:09:49.142Z,null,2005-10-11T00:00:00.000Z,null,I,N,null,null,N,TEAS
Trademark:0:60000091,0,TEAS,60000091,91,null,P,null,null,M,2005-10-11T00:00:00.000Z,N,626,0,2016-03-16T21:09:49.142Z,3333330002,2016-03-16T21:09:49.142Z,3333330002,Transaction:0:1,2016-03-16T21:09:49.142Z,null,2005-10-11T00:00:00.000Z,null,I,N,null,null,N,TEAS
Trademark:0:60000092,0,TEAS,60000092,92,null,P,null,null,M,2005-10-11T00:00:00.000Z,N,626,0,2016-03-16T21:09:49.143Z,3333330002,2016-03-16T21:09:49.143Z,3333330002,Transaction:0:1,2016-03-16T21:09:49.143Z,null,2005-10-11T00:00:00.000Z,null,I,N,null,null,N,TEAS
Trademark:0:60000093,0,TEAS,60000093,93,null,P,null,null,M,2005-10-11T00:00:00.000Z,N,626,0,2016-03-16T21:09:49.143Z,3333330002,2016-03-16T21:09:49.143Z,3333330002,Transaction:0:1,2016-03-16T21:09:49.143Z,null,2005-10-11T00:00:00.000Z,null,I,N,null,null,N,TEAS
Trademark:0:60000095,0,TEAS,60000095,95,null,P,null,null,M,2005-10-11T00:00:00.000Z,N,626,0,2016-03-16T21:09:49.145Z,3333330002,2016-03-16T21:09:49.145Z,3333330002,Transaction:0:1,2016-03-16T21:09:49.145Z,null,2005-10-11T00:00:00.000Z,null,I,N,null,null,N,TEAS
Trademark:0:60000098,0,TEAS,60000098,98,null,P,null,null,M,2005-10-11T00:00:00.000Z,N,626,0,2016-03-16T21:09:49.146Z,3333330002,2016-03-16T21:09:49.146Z,3333330002,Transaction:0:1,2016-03-16T21:09:49.146Z,null,2005-10-11T00:00:00.000Z,null,I,N,null,null,N,TEAS
Trademark:0:60000100,0,TEAS,60000100,100,null,P,null,null,M,2005-10-11T00:00:00.000Z,N,626,0,2016-03-16T21:09:49.147Z,3333330002,2016-03-16T21:09:49.147Z,3333330002,Transaction:0:1,2016-03-16T21:09:49.147Z,null,2005-10-11T00:00:00.000Z,null,I,N,null,null,N,TEAS
Trademark:0:60000101,0,TEAS,60000101,101,null,P,null,null,M,2005-10-11T00:00:00.000Z,N,626,0,2016-03-16T21:09:49.148Z,3333330002,2016-03-16T21:09:49.148Z,3333330002,Transaction:0:1,2016-03-16T21:09:49.148Z,null,2005-10-11T00:00:00.000Z,null,I,N,null,null,N,TEAS
Trademark:0:60000102,0,TEAS,60000102,102,null,P,null,null,M,2005-10-11T00:00:00.000Z,N,626,0,2016-03-16T21:09:49.148Z,3333330002,2016-03-16T21:09:49.148Z,3333330002,Transaction:0:1,2016-03-16T21:09:49.148Z,null,2005-10-11T00:00:00.000Z,null,I,N,null,null,N,TEAS
Trademark:0:60000103,0,TEAS,60000103,103,null,P,null,null,M,2005-10-11T00:00:00.000Z,N,626,0,2016-03-16T21:09:49.149Z,3333330002,2016-03-16T21:09:49.149Z,3333330002,Transaction:0:1,2016-03-16T21:09:49.149Z,null,2005-10-11T00:00:00.000Z,null,I,N,null,null,N,TEAS
Trademark:0:60000104,0,TEAS,60000104,104,null,P,null,null,M,2005-10-11T00:00:00.000Z,N,626,0,2016-03-16T21:09:49.150Z,3333330002,2016-03-16T21:09:49.150Z,3333330002,Transaction:0:1,2016-03-16T21:09:49.150Z,null,2005-10-11T00:00:00.000Z,null,I,N,null,null,N,TEAS
Trademark:0:60000105,0,TEAS,60000105,105,null,P,null,null,M,2005-10-11T00:00:00.000Z,N,626,0,2016-03-16T21:09:49.150Z,3333330002,2016-03-16T21:09:49.150Z,3333330002,Transaction:0:1,2016-03-16T21:09:49.150Z,null,2005-10-11T00:00:00.000Z,null,I,N,null,null,N,TEAS
Trademark:0:60000106,0,TEAS,60000106,106,null,P,null,null,M,2005-10-11T00:00:00.000Z,N,626,0,2016-03-16T21:09:49.151Z,3333330002,2016-03-16T21:09:49.151Z,3333330002,Transaction:0:1,2016-03-16T21:09:49.151Z,null,2005-10-11T00:00:00.000Z,null,I,N,null,null,N,TEAS
Trademark:0:60000107,0,TEAS,60000107,107,null,P,null,null,M,2005-10-11T00:00:00.000Z,N,626,0,2016-03-16T21:09:49.151Z,3333330002,2016-03-16T21:09:49.151Z,3333330002,Transaction:0:1,2016-03-16T21:09:49.151Z,null,2005-10-11T00:00:00.000Z,null,I,N,null,null,N,TEAS
Trademark:0:60000109,0,TEAS,60000109,109,null,P,null,null,M,2005-10-11T00:00:00.000Z,N,626,0,2016-03-16T21:09:49.153Z,3333330002,2016-03-16T21:09:49.153Z,3333330002,Transaction:0:1,2016-03-16T21:09:49.153Z,null,2005-10-11T00:00:00.000Z,null,I,N,null,null,N,TEAS
Trademark:0:60000110,0,TEAS,60000110,110,null,P,null,null,M,2005-10-11T00:00:00.000Z,N,626,0,2016-03-16T21:09:49.153Z,3333330002,2016-03-16T21:09:49.153Z,3333330002,Transaction:0:1,2016-03-16T21:09:49.153Z,null,2005-10-11T00:00:00.000Z,null,I,N,null,null,N,TEAS
Trademark:0:60000111,0,TEAS,60000111,111,null,P,null,null,M,2005-10-11T00:00:00.000Z,N,626,0,2016-03-16T21:09:49.154Z,3333330002,2016-03-16T21:09:49.154Z,3333330002,Transaction:0:1,2016-03-16T21:09:49.154Z,null,2005-10-11T00:00:00.000Z,null,I,N,null,null,N,TEAS
Trademark:0:60000113,0,TEAS,60000113,113,null,P,null,null,M,2005-10-11T00:00:00.000Z,N,626,0,2016-03-16T21:09:49.155Z,3333330002,2016-03-16T21:09:49.155Z,3333330002,Transaction:0:1,2016-03-16T21:09:49.155Z,null,2005-10-11T00:00:00.000Z,null,I,N,null,null,N,TEAS
Trademark:0:60000116,0,TEAS,60000116,116,null,P,null,null,M,2005-10-11T00:00:00.000Z,N,626,0,2016-03-16T21:09:49.156Z,3333330002,2016-03-16T21:09:49.156Z,3333330002,Transaction:0:1,2016-03-16T21:09:49.156Z,null,2005-10-11T00:00:00.000Z,null,I,N,null,null,N,TEAS
Trademark:0:60000117,0,TEAS,60000117,117,null,P,null,null,M,2005-10-11T00:00:00.000Z,N,626,0,2016-03-16T21:09:49.157Z,3333330002,2016-03-16T21:09:49.157Z,3333330002,Transaction:0:1,2016-03-16T21:09:49.157Z,null,2005-10-11T00:00:00.000Z,null,I,N,null,null,N,TEAS
Trademark:0:60000118,0,TEAS,60000118,118,null,P,null,null,M,2005-10-11T00:00:00.000Z,N,626,0,2016-03-16T21:09:49.158Z,3333330002,2016-03-16T21:09:49.158Z,3333330002,Transaction:0:1,2016-03-16T21:09:49.158Z,null,2005-10-11T00:00:00.000Z,null,I,N,null,null,N,TEAS
Trademark:0:60000120,0,TEAS,60000120,120,null,P,null,null,M,2005-10-11T00:00:00.000Z,N,626,0,2016-03-16T21:09:49.159Z,3333330002,2016-03-16T21:09:49.159Z,3333330002,Transaction:0:1,2016-03-16T21:09:49.159Z,null,2005-10-11T00:00:00.000Z,null,I,N,null,null,N,TEAS
Trademark:0:60000121,0,TEAS,60000121,121,null,P,null,null,M,2005-10-11T00:00:00.000Z,N,626,0,2016-03-16T21:09:49.159Z,3333330002,2016-03-16T21:09:49.159Z,3333330002,Transaction:0:1,2016-03-16T21:09:49.159Z,null,2005-10-11T00:00:00.000Z,null,I,N,null,null,N,TEAS
Trademark:0:60000328,0,TEAS,60000328,328,null,P,null,null,M,2005-10-21T00:00:00.000Z,N,626,0,2016-03-16T21:09:49.302Z,3333330002,2016-03-16T21:09:49.302Z,3333330002,Transaction:0:1,2016-03-16T21:09:49.302Z,null,2005-10-21T00:00:00.000Z,null,I,N,null,null,N,TEAS
Trademark:0:60000329,0,TEAS,60000329,329,null,P,null,null,M,2005-10-21T00:00:00.000Z,N,626,0,2016-03-16T21:09:49.303Z,3333330002,2016-03-16T21:09:49.303Z,3333330002,Transaction:0:1,2016-03-16T21:09:49.303Z,null,2005-10-21T00:00:00.000Z,null,I,N,null,null,N,TEAS
Trademark:0:60000331,0,TEAS,60000331,331,null,P,null,null,M,2005-10-21T00:00:00.000Z,N,626,0,2016-03-16T21:09:49.304Z,3333330002,2016-03-16T21:09:49.304Z,3333330002,Transaction:0:1,2016-03-16T21:09:49.304Z,null,2005-10-21T00:00:00.000Z,null,I,N,null,null,N,TEAS
Trademark:0:60000332,0,TEAS,60000332,332,null,P,null,null,M,2005-10-21T00:00:00.000Z,N,626,0,2016-03-16T21:09:49.305Z,3333330002,2016-03-16T21:09:49.305Z,3333330002,Transaction:0:1,2016-03-16T21:09:49.305Z,null,2005-10-21T00:00:00.000Z,null,I,N,null,null,N,TEAS
