SER_NUM,TEST_PCTRAM_LINK,LAW_OFFICE,FILING_BASIS_CUR,FILING_METHOD_FILED,FILING_METHOD_CUR,FILING_BASIS_FIL,FILING_BASIS_AMED,REGISTRATION_NUMBER,AM_FLG_66A_FIL,AM_FLG_44D_FIL,AM_FLG_44E_FIL,FLG_PAPER_FIL,AM_STAT,AM_FLG_NO_BAS_FIL,AM_FLG_TEASRF_FIL,AM_FLG_USE_FIL,AM_FLG_ITU_FIL,AM_FLG_TEASPL_FIL,LAST_MODIFIED_DATE,FILING_BASIS_GRP,MARK_DWG_CD,MARK_DWG_DESC,MARK_NM_SHORT,MARK_NM,TMNG_IMAGE_LINK,TM_ANALYTICS_TS,EXMR_EID,STATUS_DT,create_ts,create_user_id,update_ts,update_user_id,SRCHRG_IND
50000009,https://review.tm-examcenter.aws.uspto.gov/review/50000009,null,USE,BASE,BASE,USE,,0,0,0,0,null,630,0,0,1,0,0,2026-07-18T06:03:23.000Z,USE,4,STANDARD CHARACTER MARK,LUMIE QUEEN OIL,LUMIE QUEEN OIL,http://tmng-al.uspto.gov/resting2/api/img/50000009/Large,2026-09-08T08:10:39.000Z,0,2026-07-18T06:02:07.000Z,2026-09-08T08:10:39.573Z,-1,2026-09-08T08:10:39.573Z,-1,null
50000014,https://review.tm-examcenter.aws.uspto.gov/review/50000014,null,ITU,BASE,BASE,ITU,,0,0,0,0,null,630,0,0,0,1,0,2026-07-18T17:11:01.000Z,ITU,4,STANDARD CHARACTER MARK,TACOSCORE,TACOSCORE,http://tmng-al.uspto.gov/resting2/api/img/50000014/Large,2026-09-08T08:10:39.000Z,0,2026-07-18T12:07:07.000Z,2026-09-08T08:10:39.573Z,-1,2026-09-08T08:10:39.573Z,-1,null
50000028,https://review.tm-examcenter.aws.uspto.gov/review/50000028,null,USE,BASE,BASE,USE,,0,0,0,0,null,630,0,0,1,0,0,2026-07-18T16:47:43.000Z,USE,4,STANDARD CHARACTER MARK,GOD'S ARMY,GOD'S ARMY,http://tmng-al.uspto.gov/resting2/api/img/50000028/Large,2026-09-08T08:10:39.000Z,0,2026-07-18T03:18:07.000Z,2026-09-08T08:10:39.573Z,-1,2026-09-08T08:10:39.573Z,-1,null
50000059,https://review.tm-examcenter.aws.uspto.gov/review/50000059,null,ITU,BASE,BASE,ITU,,0,0,0,0,null,630,0,0,0,1,0,2026-07-18T16:32:21.000Z,ITU,4,STANDARD CHARACTER MARK,FOCCO SKILL,FOCCO SKILL,http://tmng-al.uspto.gov/resting2/api/img/50000059/Large,2026-09-08T08:10:39.000Z,0,2026-07-18T05:30:07.000Z,2026-09-08T08:10:39.573Z,-1,2026-09-08T08:10:39.573Z,-1,null
50000090,https://review.tm-examcenter.aws.uspto.gov/review/50000090,null,ITU,BASE,BASE,ITU,,0,0,0,0,null,630,0,0,0,1,0,2026-07-18T18:20:13.000Z,ITU,4,STANDARD CHARACTER MARK,PILLAR,PILLAR,http://tmng-al.uspto.gov/resting2/api/img/50000090/Large,2026-09-08T08:10:39.000Z,0,2026-07-18T08:41:07.000Z,2026-09-08T08:10:39.573Z,-1,2026-09-08T08:10:39.573Z,-1,null
50000103,https://review.tm-examcenter.aws.uspto.gov/review/50000103,null,ITU,BASE,BASE,ITU,,0,0,0,0,null,630,0,0,0,1,0,2026-07-18T18:00:12.000Z,ITU,4,STANDARD CHARACTER MARK,SCPM GATE,SCPM GATE,http://tmng-al.uspto.gov/resting2/api/img/50000103/Large,2026-09-08T08:10:39.000Z,0,2026-07-18T09:30:07.000Z,2026-09-08T08:10:39.573Z,-1,2026-09-08T08:10:39.573Z,-1,null
50000119,https://review.tm-examcenter.aws.uspto.gov/review/50000119,null,ITU,BASE,BASE,ITU,,0,0,0,0,null,630,0,0,0,1,0,2026-07-18T17:53:52.000Z,ITU,4,STANDARD CHARACTER MARK,BENOOSH,BENOOSH,http://tmng-al.uspto.gov/resting2/api/img/50000119/Large,2026-09-08T08:10:39.000Z,0,2026-07-18T10:17:07.000Z,2026-09-08T08:10:39.573Z,-1,2026-09-08T08:10:39.573Z,-1,null
50000125,https://review.tm-examcenter.aws.uspto.gov/review/50000125,null,44E,BASE,BASE,44E,,0,0,0,1,null,630,0,0,0,0,0,2026-07-18T17:50:34.000Z,44E,4,STANDARD CHARACTER MARK,PIKAYAMBA,PIKAYAMBA,http://tmng-al.uspto.gov/resting2/api/img/50000125/Large,2026-09-08T08:10:39.000Z,0,2026-07-18T10:34:07.000Z,2026-09-08T08:10:39.573Z,-1,2026-09-08T08:10:39.573Z,-1,null
50000127,https://review.tm-examcenter.aws.uspto.gov/review/50000127,null,USE,BASE,BASE,USE,,0,0,0,0,null,630,0,0,1,0,0,2026-07-18T17:24:21.000Z,USE,3,AN ILLUSTRATION DRAWING WHICH INCLUDES WORD(S)/LETTER(S)/NUMBER(S),AGERITE PHARMACY & WELLNESS CENTER,AGERITE PHARMACY & WELLNESS CENTER,http://tmng-al.uspto.gov/resting2/api/img/50000127/Large,2026-09-08T08:10:39.000Z,0,2026-07-18T10:42:07.000Z,2026-09-08T08:10:39.573Z,-1,2026-09-08T08:10:39.573Z,-1,null
50000150,https://review.tm-examcenter.aws.uspto.gov/review/50000150,null,ITU,BASE,BASE,ITU,,0,0,0,0,null,630,0,0,0,1,0,2026-07-18T17:17:56.000Z,ITU,3,AN ILLUSTRATION DRAWING WHICH INCLUDES WORD(S)/LETTER(S)/NUMBER(S),SS,SS,http://tmng-al.uspto.gov/resting2/api/img/50000150/Large,2026-09-08T08:10:39.000Z,0,2026-07-18T11:30:07.000Z,2026-09-08T08:10:39.573Z,-1,2026-09-08T08:10:39.573Z,-1,null
50000164,https://review.tm-examcenter.aws.uspto.gov/review/50000164,null,ITU,BASE,BASE,ITU,,0,0,0,0,null,630,0,0,0,1,0,2026-07-18T17:38:49.000Z,ITU,4,STANDARD CHARACTER MARK,JAVALUJAH,JAVALUJAH,http://tmng-al.uspto.gov/resting2/api/img/50000164/Large,2026-09-08T08:10:39.000Z,0,2026-07-18T11:49:07.000Z,2026-09-08T08:10:39.573Z,-1,2026-09-08T08:10:39.573Z,-1,null
50000184,https://review.tm-examcenter.aws.uspto.gov/review/50000184,null,USE,BASE,BASE,USE,,0,0,0,0,null,630,0,0,1,0,0,2026-07-18T18:40:12.000Z,USE,4,STANDARD CHARACTER MARK,VAVENRIC,VAVENRIC,http://tmng-al.uspto.gov/resting2/api/img/50000184/Large,2026-09-08T08:10:39.000Z,0,2026-07-18T12:36:07.000Z,2026-09-08T08:10:39.573Z,-1,2026-09-08T08:10:39.573Z,-1,null
50000192,https://review.tm-examcenter.aws.uspto.gov/review/50000192,null,ITU,BASE,BASE,ITU,,0,0,0,0,null,630,0,0,0,1,0,2026-07-18T13:01:10.000Z,ITU,4,STANDARD CHARACTER MARK,VYELO,VYELO,http://tmng-al.uspto.gov/resting2/api/img/50000192/Large,2026-09-08T08:10:39.000Z,0,2026-07-18T12:59:07.000Z,2026-09-08T08:10:39.573Z,-1,2026-09-08T08:10:39.573Z,-1,null
50000213,https://review.tm-examcenter.aws.uspto.gov/review/50000213,null,ITU,BASE,BASE,ITU,,0,0,0,0,null,630,0,0,0,1,0,2026-07-18T18:32:21.000Z,ITU,4,STANDARD CHARACTER MARK,"ETY,OLOGY","ETY,OLOGY",http://tmng-al.uspto.gov/resting2/api/img/50000213/Large,2026-09-08T08:10:39.000Z,0,2026-07-18T13:52:07.000Z,2026-09-08T08:10:39.573Z,-1,2026-09-08T08:10:39.573Z,-1,null
50000231,https://review.tm-examcenter.aws.uspto.gov/review/50000231,null,USE,BASE,BASE,USE,,0,0,0,0,null,630,0,0,1,0,0,2026-07-19T07:44:47.000Z,USE,4,STANDARD CHARACTER MARK,COMO DEMO,COMO DEMO,http://tmng-al.uspto.gov/resting2/api/img/50000231/Large,2026-09-08T08:10:39.000Z,0,2026-07-18T14:30:07.000Z,2026-09-08T08:10:39.573Z,-1,2026-09-08T08:10:39.573Z,-1,null
50000269,https://review.tm-examcenter.aws.uspto.gov/review/50000269,null,USE,BASE,BASE,USE,,0,0,0,0,null,630,0,0,1,0,0,2026-07-19T14:23:44.000Z,USE,3,AN ILLUSTRATION DRAWING WHICH INCLUDES WORD(S)/LETTER(S)/NUMBER(S),OTHVYSAN,OTHVYSAN,http://tmng-al.uspto.gov/resting2/api/img/50000269/Large,2026-09-08T08:10:39.000Z,0,2026-07-18T14:45:07.000Z,2026-09-08T08:10:39.573Z,-1,2026-09-08T08:10:39.573Z,-1,null
50000281,https://review.tm-examcenter.aws.uspto.gov/review/50000281,null,USE,BASE,BASE,USE,,0,0,0,0,null,630,0,0,1,0,0,2026-07-19T07:56:56.000Z,USE,4,STANDARD CHARACTER MARK,MATHNUSA,MATHNUSA,http://tmng-al.uspto.gov/resting2/api/img/50000281/Large,2026-09-08T08:10:39.000Z,0,2026-07-18T15:13:07.000Z,2026-09-08T08:10:39.573Z,-1,2026-09-08T08:10:39.573Z,-1,null
50000362,https://review.tm-examcenter.aws.uspto.gov/review/50000362,null,ITU,BASE,BASE,ITU,,0,0,0,0,null,630,0,0,0,1,0,2026-07-18T17:09:47.000Z,ITU,4,STANDARD CHARACTER MARK,BALANCE,BALANCE,http://tmng-al.uspto.gov/resting2/api/img/50000362/Large,2026-09-08T08:10:39.000Z,0,2026-07-18T17:08:07.000Z,2026-09-08T08:10:39.573Z,-1,2026-09-08T08:10:39.573Z,-1,null
50000373,https://review.tm-examcenter.aws.uspto.gov/review/50000373,null,ITU,BASE,BASE,ITU,,0,0,0,0,null,630,0,0,0,1,0,2026-07-18T18:07:28.000Z,ITU,4,STANDARD CHARACTER MARK,TWO IF BY SKI,TWO IF BY SKI,http://tmng-al.uspto.gov/resting2/api/img/50000373/Large,2026-09-08T08:10:39.000Z,0,2026-07-18T17:31:07.000Z,2026-09-08T08:10:39.573Z,-1,2026-09-08T08:10:39.573Z,-1,null
50000379,https://review.tm-examcenter.aws.uspto.gov/review/50000379,null,ITU,BASE,BASE,ITU,,0,0,0,0,null,630,0,0,0,1,0,2026-07-19T12:35:28.000Z,ITU,4,STANDARD CHARACTER MARK,TEYON,TEYON,http://tmng-al.uspto.gov/resting2/api/img/50000379/Large,2026-09-08T08:10:39.000Z,0,2026-07-18T17:39:07.000Z,2026-09-08T08:10:39.573Z,-1,2026-09-08T08:10:39.573Z,-1,null
50000523,https://review.tm-examcenter.aws.uspto.gov/review/50000523,null,USE,BASE,BASE,USE,,0,0,0,0,null,630,0,0,1,0,0,2026-07-19T17:49:02.000Z,USE,4,STANDARD CHARACTER MARK,NOT MY PINK,NOT MY PINK,http://tmng-al.uspto.gov/resting2/api/img/50000523/Large,2026-09-08T08:10:39.000Z,0,2026-07-18T22:19:07.000Z,2026-09-08T08:10:39.573Z,-1,2026-09-08T08:10:39.573Z,-1,null
50000532,https://review.tm-examcenter.aws.uspto.gov/review/50000532,null,USE,BASE,BASE,USE,,0,0,0,0,null,630,0,0,1,0,0,2026-07-31T11:16:53.000Z,USE,3,AN ILLUSTRATION DRAWING WHICH INCLUDES WORD(S)/LETTER(S)/NUMBER(S),K,K,http://tmng-al.uspto.gov/resting2/api/img/50000532/Large,2026-09-08T08:10:39.000Z,0,2026-07-18T22:40:07.000Z,2026-09-08T08:10:39.573Z,-1,2026-09-08T08:10:39.573Z,-1,null
50000555,https://review.tm-examcenter.aws.uspto.gov/review/50000555,null,USE,BASE,BASE,USE,,0,0,0,0,null,630,0,0,1,0,0,2026-07-19T17:29:17.000Z,USE,4,STANDARD CHARACTER MARK,HOLY CITY HEROES,HOLY CITY HEROES,http://tmng-al.uspto.gov/resting2/api/img/50000555/Large,2026-09-08T08:10:39.000Z,0,2026-07-19T00:10:07.000Z,2026-09-08T08:10:39.573Z,-1,2026-09-08T08:10:39.573Z,-1,null
50000589,https://review.tm-examcenter.aws.uspto.gov/review/50000589,null,ITU,BASE,BASE,ITU,,0,0,0,0,null,630,0,0,0,1,0,2026-07-19T17:57:32.000Z,ITU,4,STANDARD CHARACTER MARK,THINK TWICE LIVING,THINK TWICE LIVING,http://tmng-al.uspto.gov/resting2/api/img/50000589/Large,2026-09-08T08:10:39.000Z,0,2026-07-19T04:13:07.000Z,2026-09-08T08:10:39.573Z,-1,2026-09-08T08:10:39.573Z,-1,null
50000598,https://review.tm-examcenter.aws.uspto.gov/review/50000598,null,USE,BASE,BASE,USE,,0,0,0,0,null,630,0,0,1,0,0,2026-07-19T17:56:56.000Z,USE,4,STANDARD CHARACTER MARK,QYVENA,QYVENA,http://tmng-al.uspto.gov/resting2/api/img/50000598/Large,2026-09-08T08:10:39.000Z,0,2026-07-19T04:52:07.000Z,2026-09-08T08:10:39.573Z,-1,2026-09-08T08:10:39.573Z,-1,null
50000601,https://review.tm-examcenter.aws.uspto.gov/review/50000601,null,ITU,BASE,BASE,USE,,0,0,0,0,null,630,0,0,1,0,0,2026-07-29T13:22:11.000Z,USE,4,STANDARD CHARACTER MARK,WINNERS CAR WASH,WINNERS CAR WASH,http://tmng-al.uspto.gov/resting2/api/img/50000601/Large,2026-09-08T08:10:39.000Z,0,2026-07-19T04:53:07.000Z,2026-09-08T08:10:39.573Z,-1,2026-09-08T08:10:39.573Z,-1,null
50000632,https://review.tm-examcenter.aws.uspto.gov/review/50000632,130,ITU,BASE,BASE,ITU,,0,0,0,0,null,641,0,0,0,1,0,2026-07-19T17:46:20.000Z,ITU,4,STANDARD CHARACTER MARK,ALIX BROOKS,ALIX BROOKS,http://tmng-al.uspto.gov/resting2/api/img/50000632/Large,2026-09-08T08:10:39.000Z,99078,2026-08-19T17:18:28.000Z,2026-09-08T08:10:39.573Z,-1,2026-09-08T08:10:39.573Z,-1,null
50000646,https://review.tm-examcenter.aws.uspto.gov/review/50000646,null,USE,BASE,BASE,USE,,0,0,0,0,null,630,0,0,1,0,0,2026-07-19T17:57:02.000Z,USE,4,STANDARD CHARACTER MARK,PREPROOF,PREPROOF,http://tmng-al.uspto.gov/resting2/api/img/50000646/Large,2026-09-08T08:10:39.000Z,0,2026-07-19T10:05:07.000Z,2026-09-08T08:10:39.573Z,-1,2026-09-08T08:10:39.573Z,-1,null
50000665,https://review.tm-examcenter.aws.uspto.gov/review/50000665,null,USE,BASE,BASE,USE,,0,0,0,0,null,630,0,0,1,0,0,2026-07-19T18:06:04.000Z,USE,4,STANDARD CHARACTER MARK,ACCORTUS FOUNDRY,ACCORTUS FOUNDRY,http://tmng-al.uspto.gov/resting2/api/img/50000665/Large,2026-09-08T08:10:39.000Z,0,2026-07-19T11:02:07.000Z,2026-09-08T08:10:39.573Z,-1,2026-09-08T08:10:39.573Z,-1,null
50000674,https://review.tm-examcenter.aws.uspto.gov/review/50000674,null,ITU,BASE,BASE,ITU,,0,0,0,0,null,630,0,0,0,1,0,2026-07-20T09:16:16.000Z,ITU,4,STANDARD CHARACTER MARK,MAGGZIN,MAGGZIN,http://tmng-al.uspto.gov/resting2/api/img/50000674/Large,2026-09-08T08:10:39.000Z,0,2026-07-19T11:22:07.000Z,2026-09-08T08:10:39.573Z,-1,2026-09-08T08:10:39.573Z,-1,null
50000711,https://review.tm-examcenter.aws.uspto.gov/review/50000711,null,USE,BASE,BASE,USE,,0,0,0,0,null,630,0,0,1,0,0,2026-07-19T17:48:50.000Z,USE,4,STANDARD CHARACTER MARK,BSMTEK,BSMTEK,http://tmng-al.uspto.gov/resting2/api/img/50000711/Large,2026-09-08T08:10:39.000Z,0,2026-07-19T12:21:07.000Z,2026-09-08T08:10:39.573Z,-1,2026-09-08T08:10:39.573Z,-1,null
50000713,https://review.tm-examcenter.aws.uspto.gov/review/50000713,null,ITU,BASE,BASE,ITU,,0,0,0,0,null,630,0,0,0,1,0,2026-07-19T21:50:33.000Z,ITU,4,STANDARD CHARACTER MARK,STELLA BREZZA,STELLA BREZZA,http://tmng-al.uspto.gov/resting2/api/img/50000713/Large,2026-09-08T08:10:39.000Z,0,2026-07-19T12:25:07.000Z,2026-09-08T08:10:39.573Z,-1,2026-09-08T08:10:39.573Z,-1,null
50000755,https://review.tm-examcenter.aws.uspto.gov/review/50000755,null,ITU,BASE,BASE,ITU,,0,0,0,0,null,630,0,0,0,1,0,2026-07-20T12:47:06.000Z,ITU,2,AN ILLUSTRATION DRAWING WITHOUT ANY WORD(S)/LETTER(S)/NUMBER(S),,,http://tmng-al.uspto.gov/resting2/api/img/50000755/Large,2026-09-08T08:10:39.000Z,0,2026-07-19T13:49:07.000Z,2026-09-08T08:10:39.573Z,-1,2026-09-08T08:10:39.573Z,-1,null
50000875,https://review.tm-examcenter.aws.uspto.gov/review/50000875,null,USE,BASE,BASE,USE,,0,0,0,0,null,630,0,0,1,0,0,2026-07-19T23:40:02.000Z,USE,3,AN ILLUSTRATION DRAWING WHICH INCLUDES WORD(S)/LETTER(S)/NUMBER(S),THE CAULKING FINGER,THE CAULKING FINGER,http://tmng-al.uspto.gov/resting2/api/img/50000875/Large,2026-09-08T08:10:39.000Z,0,2026-07-19T17:25:07.000Z,2026-09-08T08:10:39.573Z,-1,2026-09-08T08:10:39.573Z,-1,null
50000892,https://review.tm-examcenter.aws.uspto.gov/review/50000892,null,USE,BASE,BASE,USE,,0,0,0,0,null,630,0,0,1,0,0,2026-07-19T22:20:42.000Z,USE,4,STANDARD CHARACTER MARK,LIONESZ,LIONESZ,http://tmng-al.uspto.gov/resting2/api/img/50000892/Large,2026-09-08T08:10:39.000Z,0,2026-07-19T18:21:07.000Z,2026-09-08T08:10:39.573Z,-1,2026-09-08T08:10:39.573Z,-1,null
50000893,https://review.tm-examcenter.aws.uspto.gov/review/50000893,null,ITU,BASE,BASE,ITU,,0,0,0,0,null,630,0,0,0,1,0,2026-07-19T18:36:10.000Z,ITU,4,STANDARD CHARACTER MARK,WORLD CUP,WORLD CUP,http://tmng-al.uspto.gov/resting2/api/img/50000893/Large,2026-09-08T08:10:39.000Z,0,2026-07-19T18:22:07.000Z,2026-09-08T08:10:39.573Z,-1,2026-09-08T08:10:39.573Z,-1,null
50000920,https://review.tm-examcenter.aws.uspto.gov/review/50000920,null,USE,BASE,BASE,USE,,0,0,0,0,null,630,0,0,1,0,0,2026-07-19T22:35:59.000Z,USE,4,STANDARD CHARACTER MARK,STAYKIT,STAYKIT,http://tmng-al.uspto.gov/resting2/api/img/50000920/Large,2026-09-08T08:10:39.000Z,0,2026-07-19T19:15:07.000Z,2026-09-08T08:10:39.573Z,-1,2026-09-08T08:10:39.573Z,-1,null
50000928,https://review.tm-examcenter.aws.uspto.gov/review/50000928,null,ITU,BASE,BASE,ITU,,0,0,0,0,null,630,0,0,0,1,0,2026-07-19T23:44:56.000Z,ITU,3,AN ILLUSTRATION DRAWING WHICH INCLUDES WORD(S)/LETTER(S)/NUMBER(S),A,A,http://tmng-al.uspto.gov/resting2/api/img/50000928/Large,2026-09-08T08:10:39.000Z,0,2026-07-19T19:31:07.000Z,2026-09-08T08:10:39.573Z,-1,2026-09-08T08:10:39.573Z,-1,null
50000955,https://review.tm-examcenter.aws.uspto.gov/review/50000955,null,ITU,BASE,BASE,ITU,,0,0,0,0,null,630,0,0,0,1,0,2026-07-19T22:29:35.000Z,ITU,5,AN ILLUSTRATION DRAWING WITH WORD(S)/LETTER(S)/NUMBER(S) IN STYLIZED FORM,RINVOL,RINVOL,http://tmng-al.uspto.gov/resting2/api/img/50000955/Large,2026-09-08T08:10:39.000Z,0,2026-07-19T20:27:07.000Z,2026-09-08T08:10:39.573Z,-1,2026-09-08T08:10:39.573Z,-1,null
50001008,https://review.tm-examcenter.aws.uspto.gov/review/50001008,null,44E,BASE,BASE,44E,,0,0,0,1,null,630,0,0,0,0,0,2026-07-19T23:55:45.000Z,44E,3,AN ILLUSTRATION DRAWING WHICH INCLUDES WORD(S)/LETTER(S)/NUMBER(S),DAPHNE,DAPHNE,http://tmng-al.uspto.gov/resting2/api/img/50001008/Large,2026-09-08T08:10:39.000Z,0,2026-07-19T21:53:07.000Z,2026-09-08T08:10:39.573Z,-1,2026-09-08T08:10:39.573Z,-1,null
50001055,https://review.tm-examcenter.aws.uspto.gov/review/50001055,null,ITU,BASE,BASE,ITU,,0,0,0,0,null,630,0,0,0,1,0,2026-07-23T09:59:45.000Z,ITU,4,STANDARD CHARACTER MARK,MIND SAGE,MIND SAGE,http://tmng-al.uspto.gov/resting2/api/img/50001055/Large,2026-09-08T08:10:39.000Z,0,2026-07-19T19:11:07.000Z,2026-09-08T08:10:39.573Z,-1,2026-09-08T08:10:39.573Z,-1,null
50001058,https://review.tm-examcenter.aws.uspto.gov/review/50001058,null,USE,BASE,BASE,USE,,0,0,0,0,null,630,0,0,1,0,0,2026-07-20T12:29:41.000Z,USE,4,STANDARD CHARACTER MARK,LOVEMUNIII,LOVEMUNIII,http://tmng-al.uspto.gov/resting2/api/img/50001058/Large,2026-09-08T08:10:39.000Z,0,2026-07-19T23:16:07.000Z,2026-09-08T08:10:39.573Z,-1,2026-09-08T08:10:39.573Z,-1,null
50001062,https://review.tm-examcenter.aws.uspto.gov/review/50001062,null,USE,BASE,BASE,USE,,0,0,0,0,null,630,0,0,1,0,0,2026-07-19T23:56:50.000Z,USE,4,STANDARD CHARACTER MARK,GOLDEN BITES,GOLDEN BITES,http://tmng-al.uspto.gov/resting2/api/img/50001062/Large,2026-09-08T08:10:39.000Z,0,2026-07-19T23:23:07.000Z,2026-09-08T08:10:39.573Z,-1,2026-09-08T08:10:39.573Z,-1,null
50001076,https://review.tm-examcenter.aws.uspto.gov/review/50001076,126,USE,BASE,BASE,USE,,0,0,0,0,null,686,0,0,1,0,0,2026-08-25T01:17:47.000Z,USE,4,STANDARD CHARACTER MARK,JRV,JRV,http://tmng-al.uspto.gov/resting2/api/img/50001076/Large,2026-09-08T08:10:39.000Z,93970,2026-08-25T01:17:47.000Z,2026-09-08T08:10:39.573Z,-1,2026-09-08T08:10:39.573Z,-1,null
50001094,https://review.tm-examcenter.aws.uspto.gov/review/50001094,null,USE,BASE,BASE,USE,,0,0,0,0,null,630,0,0,1,0,0,2026-07-20T07:09:06.000Z,USE,4,STANDARD CHARACTER MARK,LZQ,LZQ,http://tmng-al.uspto.gov/resting2/api/img/50001094/Large,2026-09-08T08:10:39.000Z,0,2026-07-19T23:54:07.000Z,2026-09-08T08:10:39.573Z,-1,2026-09-08T08:10:39.573Z,-1,null
50001109,https://review.tm-examcenter.aws.uspto.gov/review/50001109,null,ITU,BASE,BASE,ITU,,0,0,0,0,null,630,0,0,0,1,0,2026-07-20T07:25:23.000Z,ITU,4,STANDARD CHARACTER MARK,PROTEINPACT,PROTEINPACT,http://tmng-al.uspto.gov/resting2/api/img/50001109/Large,2026-09-08T08:10:39.000Z,0,2026-07-20T00:16:07.000Z,2026-09-08T08:10:39.573Z,-1,2026-09-08T08:10:39.573Z,-1,null
50001131,https://review.tm-examcenter.aws.uspto.gov/review/50001131,null,ITU,BASE,BASE,ITU,,0,0,0,0,null,630,0,0,0,1,0,2026-07-20T01:16:02.000Z,ITU,4,STANDARD CHARACTER MARK,LUMIVYX,LUMIVYX,http://tmng-al.uspto.gov/resting2/api/img/50001131/Large,2026-09-08T08:10:39.000Z,0,2026-07-20T01:14:07.000Z,2026-09-08T08:10:39.573Z,-1,2026-09-08T08:10:39.573Z,-1,null
50001208,https://review.tm-examcenter.aws.uspto.gov/review/50001208,null,44E,BASE,BASE,44E,,0,0,0,1,null,630,0,0,0,0,0,2026-07-20T08:33:53.000Z,44E,4,STANDARD CHARACTER MARK,TEAHAUS,TEAHAUS,http://tmng-al.uspto.gov/resting2/api/img/50001208/Large,2026-09-08T08:10:39.000Z,0,2026-07-20T03:42:07.000Z,2026-09-08T08:10:39.573Z,-1,2026-09-08T08:10:39.573Z,-1,null
50001211,https://review.tm-examcenter.aws.uspto.gov/review/50001211,null,USE,BASE,BASE,USE,,0,0,0,0,null,630,0,0,1,0,0,2026-08-05T06:18:47.000Z,USE,4,STANDARD CHARACTER MARK,KREANVIO,KREANVIO,http://tmng-al.uspto.gov/resting2/api/img/50001211/Large,2026-09-08T08:10:39.000Z,0,2026-07-20T03:52:07.000Z,2026-09-08T08:10:39.573Z,-1,2026-09-08T08:10:39.573Z,-1,null
50001246,https://review.tm-examcenter.aws.uspto.gov/review/50001246,null,USE,BASE,BASE,USE,,0,0,0,0,null,630,0,0,1,0,0,2026-07-20T06:01:29.000Z,USE,4,STANDARD CHARACTER MARK,LUXURIATE,LUXURIATE,http://tmng-al.uspto.gov/resting2/api/img/50001246/Large,2026-09-08T08:10:39.000Z,0,2026-07-20T05:59:07.000Z,2026-09-08T08:10:39.573Z,-1,2026-09-08T08:10:39.573Z,-1,null
50001274,https://review.tm-examcenter.aws.uspto.gov/review/50001274,null,USE,BASE,BASE,USE,,0,0,0,0,null,630,0,0,1,0,0,2026-07-20T09:08:19.000Z,USE,3,AN ILLUSTRATION DRAWING WHICH INCLUDES WORD(S)/LETTER(S)/NUMBER(S),DAWSON WATERCRAFT LAUNCHING SYSTEMS,DAWSON WATERCRAFT LAUNCHING SYSTEMS,http://tmng-al.uspto.gov/resting2/api/img/50001274/Large,2026-09-08T08:10:39.000Z,0,2026-07-20T06:59:07.000Z,2026-09-08T08:10:39.573Z,-1,2026-09-08T08:10:39.573Z,-1,null
50001306,https://review.tm-examcenter.aws.uspto.gov/review/50001306,null,ITU,BASE,BASE,ITU,,0,0,0,0,null,630,0,0,0,1,0,2026-07-20T09:23:52.000Z,ITU,4,STANDARD CHARACTER MARK,TAPJOURNEY,TAPJOURNEY,http://tmng-al.uspto.gov/resting2/api/img/50001306/Large,2026-09-08T08:10:39.000Z,0,2026-07-20T08:11:07.000Z,2026-09-08T08:10:39.573Z,-1,2026-09-08T08:10:39.573Z,-1,null
50001326,https://review.tm-examcenter.aws.uspto.gov/review/50001326,null,ITU,BASE,BASE,ITU,,0,0,0,0,null,630,0,0,0,1,0,2026-07-20T08:57:05.000Z,ITU,4,STANDARD CHARACTER MARK,ORESSA MENIKO STUDIOS,ORESSA MENIKO STUDIOS,http://tmng-al.uspto.gov/resting2/api/img/50001326/Large,2026-09-08T08:10:39.000Z,0,2026-07-20T08:35:07.000Z,2026-09-08T08:10:39.573Z,-1,2026-09-08T08:10:39.573Z,-1,null
50001346,https://review.tm-examcenter.aws.uspto.gov/review/50001346,null,ITU,BASE,BASE,ITU,,0,0,0,0,null,630,0,0,0,1,0,2026-07-20T09:02:29.000Z,ITU,4,STANDARD CHARACTER MARK,TRIKKSTER,TRIKKSTER,http://tmng-al.uspto.gov/resting2/api/img/50001346/Large,2026-09-08T08:10:39.000Z,0,2026-07-20T08:58:07.000Z,2026-09-08T08:10:39.573Z,-1,2026-09-08T08:10:39.573Z,-1,null
50001354,https://review.tm-examcenter.aws.uspto.gov/review/50001354,null,ITU,BASE,BASE,ITU,,0,0,0,0,null,630,0,0,0,1,0,2026-07-20T09:36:25.000Z,ITU,4,STANDARD CHARACTER MARK,IMOISSAN,IMOISSAN,http://tmng-al.uspto.gov/resting2/api/img/50001354/Large,2026-09-08T08:10:39.000Z,0,2026-07-20T09:07:07.000Z,2026-09-08T08:10:39.573Z,-1,2026-09-08T08:10:39.573Z,-1,null
50001368,https://review.tm-examcenter.aws.uspto.gov/review/50001368,null,USE,BASE,BASE,USE,,0,0,0,0,null,630,0,0,1,0,0,2026-07-20T09:49:44.000Z,USE,3,AN ILLUSTRATION DRAWING WHICH INCLUDES WORD(S)/LETTER(S)/NUMBER(S),PAW SEASON,PAW SEASON,http://tmng-al.uspto.gov/resting2/api/img/50001368/Large,2026-09-08T08:10:39.000Z,0,2026-07-20T09:13:07.000Z,2026-09-08T08:10:39.573Z,-1,2026-09-08T08:10:39.573Z,-1,null
50001405,https://review.tm-examcenter.aws.uspto.gov/review/50001405,null,ITU,BASE,BASE,ITU,,0,0,0,0,null,630,0,0,0,1,0,2026-07-20T10:05:24.000Z,ITU,4,STANDARD CHARACTER MARK,APEX E-MOTO,APEX E-MOTO,http://tmng-al.uspto.gov/resting2/api/img/50001405/Large,2026-09-08T08:10:39.000Z,0,2026-07-20T09:32:07.000Z,2026-09-08T08:10:39.573Z,-1,2026-09-08T08:10:39.573Z,-1,null
50001423,https://review.tm-examcenter.aws.uspto.gov/review/50001423,null,USE,BASE,BASE,USE,,0,0,0,0,null,630,0,0,1,0,0,2026-07-20T10:14:46.000Z,USE,2,AN ILLUSTRATION DRAWING WITHOUT ANY WORD(S)/LETTER(S)/NUMBER(S),,,http://tmng-al.uspto.gov/resting2/api/img/50001423/Large,2026-09-08T08:10:39.000Z,0,2026-07-20T09:43:07.000Z,2026-09-08T08:10:39.573Z,-1,2026-09-08T08:10:39.573Z,-1,null
50001427,https://review.tm-examcenter.aws.uspto.gov/review/50001427,null,ITU,BASE,BASE,ITU,,0,0,0,0,null,630,0,0,0,1,0,2026-07-20T10:07:31.000Z,ITU,4,STANDARD CHARACTER MARK,DERMAPEN,DERMAPEN,http://tmng-al.uspto.gov/resting2/api/img/50001427/Large,2026-09-08T08:10:39.000Z,0,2026-07-20T09:43:07.000Z,2026-09-08T08:10:39.573Z,-1,2026-09-08T08:10:39.573Z,-1,null
50001473,https://review.tm-examcenter.aws.uspto.gov/review/50001473,null,44E,BASE,BASE,44E,,0,0,0,1,null,630,0,0,0,0,0,2026-07-20T10:50:11.000Z,44E,5,AN ILLUSTRATION DRAWING WITH WORD(S)/LETTER(S)/NUMBER(S) IN STYLIZED FORM,GRKOD,GRKOD,http://tmng-al.uspto.gov/resting2/api/img/50001473/Large,2026-09-08T08:10:39.000Z,0,2026-07-20T10:06:07.000Z,2026-09-08T08:10:39.573Z,-1,2026-09-08T08:10:39.573Z,-1,null
50001489,https://review.tm-examcenter.aws.uspto.gov/review/50001489,null,ITU,BASE,BASE,ITU,,0,0,0,0,null,630,0,0,0,1,0,2026-07-20T10:26:09.000Z,ITU,4,STANDARD CHARACTER MARK,KOKON AI,KOKON AI,http://tmng-al.uspto.gov/resting2/api/img/50001489/Large,2026-09-08T08:10:39.000Z,0,2026-07-20T10:13:07.000Z,2026-09-08T08:10:39.573Z,-1,2026-09-08T08:10:39.573Z,-1,null
50001502,https://review.tm-examcenter.aws.uspto.gov/review/50001502,null,ITU,BASE,BASE,ITU,,0,0,0,0,null,630,0,0,0,1,0,2026-07-20T11:02:02.000Z,ITU,4,STANDARD CHARACTER MARK,INDEX ADVANTAGE+ ACCESS,INDEX ADVANTAGE+ ACCESS,http://tmng-al.uspto.gov/resting2/api/img/50001502/Large,2026-09-08T08:10:39.000Z,0,2026-07-20T10:20:07.000Z,2026-09-08T08:10:39.573Z,-1,2026-09-08T08:10:39.573Z,-1,null
50001536,https://review.tm-examcenter.aws.uspto.gov/review/50001536,null,ITU,BASE,BASE,ITU,,0,0,0,0,null,630,0,0,0,1,0,2026-07-20T12:06:34.000Z,ITU,3,AN ILLUSTRATION DRAWING WHICH INCLUDES WORD(S)/LETTER(S)/NUMBER(S),NOTARI,NOTARI,http://tmng-al.uspto.gov/resting2/api/img/50001536/Large,2026-09-08T08:10:39.000Z,0,2026-07-20T10:31:07.000Z,2026-09-08T08:10:39.573Z,-1,2026-09-08T08:10:39.573Z,-1,null
50001613,https://review.tm-examcenter.aws.uspto.gov/review/50001613,null,ITU,BASE,BASE,ITU,,0,0,0,0,null,630,0,0,0,1,0,2026-07-20T11:22:35.000Z,ITU,4,STANDARD CHARACTER MARK,SWELLHAR,SWELLHAR,http://tmng-al.uspto.gov/resting2/api/img/50001613/Large,2026-09-08T08:10:39.000Z,0,2026-07-20T11:01:07.000Z,2026-09-08T08:10:39.573Z,-1,2026-09-08T08:10:39.573Z,-1,null
50001630,https://review.tm-examcenter.aws.uspto.gov/review/50001630,null,ITU,BASE,BASE,ITU,,0,0,0,0,null,630,0,0,0,1,0,2026-07-31T11:16:53.000Z,ITU,2,AN ILLUSTRATION DRAWING WITHOUT ANY WORD(S)/LETTER(S)/NUMBER(S),,,http://tmng-al.uspto.gov/resting2/api/img/50001630/Large,2026-09-08T08:10:39.000Z,0,2026-07-20T11:13:07.000Z,2026-09-08T08:10:39.573Z,-1,2026-09-08T08:10:39.573Z,-1,null
50001641,https://review.tm-examcenter.aws.uspto.gov/review/50001641,null,USE,BASE,BASE,USE,,0,0,0,0,null,630,0,0,1,0,0,2026-07-20T11:18:27.000Z,USE,4,STANDARD CHARACTER MARK,OUTCOME CLOUD,OUTCOME CLOUD,http://tmng-al.uspto.gov/resting2/api/img/50001641/Large,2026-09-08T08:10:39.000Z,0,2026-07-20T11:17:07.000Z,2026-09-08T08:10:39.573Z,-1,2026-09-08T08:10:39.573Z,-1,null
50001645,https://review.tm-examcenter.aws.uspto.gov/review/50001645,null,ITU,BASE,BASE,ITU,,0,0,0,0,null,630,0,0,0,1,0,2026-07-20T15:22:22.000Z,ITU,3,AN ILLUSTRATION DRAWING WHICH INCLUDES WORD(S)/LETTER(S)/NUMBER(S),PATTERN PROFESSOR,PATTERN PROFESSOR,http://tmng-al.uspto.gov/resting2/api/img/50001645/Large,2026-09-08T08:10:39.000Z,0,2026-07-20T11:22:07.000Z,2026-09-08T08:10:39.573Z,-1,2026-09-08T08:10:39.573Z,-1,null
50001650,https://review.tm-examcenter.aws.uspto.gov/review/50001650,null,USE,BASE,BASE,USE,,0,0,0,0,null,630,0,0,1,0,0,2026-07-20T12:07:26.000Z,USE,3,AN ILLUSTRATION DRAWING WHICH INCLUDES WORD(S)/LETTER(S)/NUMBER(S),SIBIRICA,SIBIRICA,http://tmng-al.uspto.gov/resting2/api/img/50001650/Large,2026-09-08T08:10:39.000Z,0,2026-07-20T11:20:07.000Z,2026-09-08T08:10:39.573Z,-1,2026-09-08T08:10:39.573Z,-1,null
50001660,https://review.tm-examcenter.aws.uspto.gov/review/50001660,null,ITU,BASE,BASE,ITU,,0,0,0,0,null,630,0,0,0,1,0,2026-07-20T12:14:51.000Z,ITU,4,STANDARD CHARACTER MARK,BYLDGO,BYLDGO,http://tmng-al.uspto.gov/resting2/api/img/50001660/Large,2026-09-08T08:10:39.000Z,0,2026-07-20T11:23:07.000Z,2026-09-08T08:10:39.573Z,-1,2026-09-08T08:10:39.573Z,-1,null
50001724,https://review.tm-examcenter.aws.uspto.gov/review/50001724,null,ITU,BASE,BASE,ITU,,0,0,0,0,null,630,0,0,0,1,0,2026-07-20T13:49:01.000Z,ITU,4,STANDARD CHARACTER MARK,CASHFUL,CASHFUL,http://tmng-al.uspto.gov/resting2/api/img/50001724/Large,2026-09-08T08:10:39.000Z,0,2026-07-20T11:46:07.000Z,2026-09-08T08:10:39.573Z,-1,2026-09-08T08:10:39.573Z,-1,null
50001796,https://review.tm-examcenter.aws.uspto.gov/review/50001796,null,44E,BASE,BASE,44E,,0,0,0,1,null,630,0,0,0,0,0,2026-07-20T22:29:09.000Z,44E,2,AN ILLUSTRATION DRAWING WITHOUT ANY WORD(S)/LETTER(S)/NUMBER(S),,,http://tmng-al.uspto.gov/resting2/api/img/50001796/Large,2026-09-08T08:10:39.000Z,0,2026-07-20T12:18:07.000Z,2026-09-08T08:10:39.573Z,-1,2026-09-08T08:10:39.573Z,-1,null
50001874,https://review.tm-examcenter.aws.uspto.gov/review/50001874,null,ITU,BASE,BASE,ITU,,0,0,0,0,null,630,0,0,0,1,0,2026-07-20T12:59:05.000Z,ITU,4,STANDARD CHARACTER MARK,TREBLE TIMES,TREBLE TIMES,http://tmng-al.uspto.gov/resting2/api/img/50001874/Large,2026-09-08T08:10:39.000Z,0,2026-07-20T12:49:07.000Z,2026-09-08T08:10:39.573Z,-1,2026-09-08T08:10:39.573Z,-1,null
50001881,https://review.tm-examcenter.aws.uspto.gov/review/50001881,null,USE,BASE,BASE,USE,,0,0,0,0,null,630,0,0,1,0,0,2026-07-20T13:36:03.000Z,USE,4,STANDARD CHARACTER MARK,ICONBULK,ICONBULK,http://tmng-al.uspto.gov/resting2/api/img/50001881/Large,2026-09-08T08:10:39.000Z,0,2026-07-20T12:52:07.000Z,2026-09-08T08:10:39.573Z,-1,2026-09-08T08:10:39.573Z,-1,null
50001888,https://review.tm-examcenter.aws.uspto.gov/review/50001888,null,ITU,BASE,BASE,ITU,,0,0,0,0,null,630,0,0,0,1,0,2026-07-20T13:08:39.000Z,ITU,4,STANDARD CHARACTER MARK,RE-,RE-,http://tmng-al.uspto.gov/resting2/api/img/50001888/Large,2026-09-08T08:10:39.000Z,0,2026-07-20T12:56:07.000Z,2026-09-08T08:10:39.573Z,-1,2026-09-08T08:10:39.573Z,-1,null
50001899,https://review.tm-examcenter.aws.uspto.gov/review/50001899,null,USE,BASE,BASE,USE,,0,0,0,0,null,630,0,0,1,0,0,2026-07-20T13:06:00.000Z,USE,4,STANDARD CHARACTER MARK,KOBGEAT,KOBGEAT,http://tmng-al.uspto.gov/resting2/api/img/50001899/Large,2026-09-08T08:10:39.000Z,0,2026-07-20T12:58:07.000Z,2026-09-08T08:10:39.573Z,-1,2026-09-08T08:10:39.573Z,-1,null
50001904,https://review.tm-examcenter.aws.uspto.gov/review/50001904,null,USE,BASE,BASE,USE,,0,0,0,0,null,630,0,0,1,0,0,2026-07-21T11:15:48.000Z,USE,4,STANDARD CHARACTER MARK,KOXPEN,KOXPEN,http://tmng-al.uspto.gov/resting2/api/img/50001904/Large,2026-09-08T08:10:39.000Z,0,2026-07-20T13:00:07.000Z,2026-09-08T08:10:39.573Z,-1,2026-09-08T08:10:39.573Z,-1,null
50001909,https://review.tm-examcenter.aws.uspto.gov/review/50001909,null,USE,BASE,BASE,USE,,0,0,0,0,null,630,0,0,1,0,0,2026-07-21T11:17:49.000Z,USE,4,STANDARD CHARACTER MARK,LEOGEAC,LEOGEAC,http://tmng-al.uspto.gov/resting2/api/img/50001909/Large,2026-09-08T08:10:39.000Z,0,2026-07-20T13:02:07.000Z,2026-09-08T08:10:39.573Z,-1,2026-09-08T08:10:39.573Z,-1,null
50001927,https://review.tm-examcenter.aws.uspto.gov/review/50001927,null,ITU,BASE,BASE,ITU,,0,0,0,0,null,630,0,0,0,1,0,2026-07-21T11:51:14.000Z,ITU,3,AN ILLUSTRATION DRAWING WHICH INCLUDES WORD(S)/LETTER(S)/NUMBER(S),MYAPP CONNECT,MYAPP CONNECT,http://tmng-al.uspto.gov/resting2/api/img/50001927/Large,2026-09-08T08:10:39.000Z,0,2026-07-20T13:07:07.000Z,2026-09-08T08:10:39.573Z,-1,2026-09-08T08:10:39.573Z,-1,null
50001953,https://review.tm-examcenter.aws.uspto.gov/review/50001953,null,USE,BASE,BASE,USE,,0,0,0,0,null,630,0,0,1,0,0,2026-07-21T12:13:00.000Z,USE,3,AN ILLUSTRATION DRAWING WHICH INCLUDES WORD(S)/LETTER(S)/NUMBER(S),GG GAMING GOSU,GG GAMING GOSU,http://tmng-al.uspto.gov/resting2/api/img/50001953/Large,2026-09-08T08:10:39.000Z,0,2026-07-20T13:13:07.000Z,2026-09-08T08:10:39.573Z,-1,2026-09-08T08:10:39.573Z,-1,null
50002070,https://review.tm-examcenter.aws.uspto.gov/review/50002070,null,ITU,BASE,BASE,ITU,,0,0,0,0,null,630,0,0,0,1,0,2026-07-20T15:22:58.000Z,ITU,4,STANDARD CHARACTER MARK,INVISTA-PLAZMA,INVISTA-PLAZMA,http://tmng-al.uspto.gov/resting2/api/img/50002070/Large,2026-09-08T08:10:39.000Z,0,2026-07-20T13:47:07.000Z,2026-09-08T08:10:39.573Z,-1,2026-09-08T08:10:39.573Z,-1,null
50002075,https://review.tm-examcenter.aws.uspto.gov/review/50002075,null,ITU,BASE,BASE,ITU,,0,0,0,0,null,630,0,0,0,1,0,2026-07-20T13:57:20.000Z,ITU,4,STANDARD CHARACTER MARK,COMPOUND HEALTH TECHNOLOGIES,COMPOUND HEALTH TECHNOLOGIES,http://tmng-al.uspto.gov/resting2/api/img/50002075/Large,2026-09-08T08:10:39.000Z,0,2026-07-20T13:51:07.000Z,2026-09-08T08:10:39.573Z,-1,2026-09-08T08:10:39.573Z,-1,null
50002091,https://review.tm-examcenter.aws.uspto.gov/review/50002091,null,ITU,BASE,BASE,ITU,,0,0,0,0,null,630,0,0,0,1,0,2026-07-20T14:58:01.000Z,ITU,4,STANDARD CHARACTER MARK,PRAXIS INTELLIGENCE,PRAXIS INTELLIGENCE,http://tmng-al.uspto.gov/resting2/api/img/50002091/Large,2026-09-08T08:10:39.000Z,0,2026-07-20T13:56:07.000Z,2026-09-08T08:10:39.573Z,-1,2026-09-08T08:10:39.573Z,-1,null
50002164,https://review.tm-examcenter.aws.uspto.gov/review/50002164,null,ITU,BASE,BASE,ITU,,0,0,0,0,null,630,0,0,0,1,0,2026-07-20T14:15:57.000Z,ITU,4,STANDARD CHARACTER MARK,TOP OF THE PYRAMID,TOP OF THE PYRAMID,http://tmng-al.uspto.gov/resting2/api/img/50002164/Large,2026-09-08T08:10:39.000Z,0,2026-07-20T14:14:07.000Z,2026-09-08T08:10:39.573Z,-1,2026-09-08T08:10:39.573Z,-1,null
50002186,https://review.tm-examcenter.aws.uspto.gov/review/50002186,null,ITU,BASE,BASE,ITU,,0,0,0,0,null,630,0,0,0,1,0,2026-07-21T12:49:01.000Z,ITU,4,STANDARD CHARACTER MARK,MARY JOHNSON MAKES,MARY JOHNSON MAKES,http://tmng-al.uspto.gov/resting2/api/img/50002186/Large,2026-09-08T08:10:39.000Z,0,2026-07-20T14:20:07.000Z,2026-09-08T08:10:39.573Z,-1,2026-09-08T08:10:39.573Z,-1,null
50002189,https://review.tm-examcenter.aws.uspto.gov/review/50002189,null,ITU,BASE,BASE,ITU,,0,0,0,0,null,630,0,0,0,1,0,2026-07-20T16:52:19.000Z,ITU,4,STANDARD CHARACTER MARK,RIVO,RIVO,http://tmng-al.uspto.gov/resting2/api/img/50002189/Large,2026-09-08T08:10:39.000Z,0,2026-07-20T14:21:07.000Z,2026-09-08T08:10:39.573Z,-1,2026-09-08T08:10:39.573Z,-1,null
50002193,https://review.tm-examcenter.aws.uspto.gov/review/50002193,null,44D/ITU,BASE,BASE,44D/ITU,,0,0,1,0,null,630,0,0,0,1,0,2026-07-20T15:03:56.000Z,MULTIPLE BASIS-ITU,4,STANDARD CHARACTER MARK,URBAN ACTIVE,URBAN ACTIVE,http://tmng-al.uspto.gov/resting2/api/img/50002193/Large,2026-09-08T08:10:39.000Z,0,2026-07-20T14:22:07.000Z,2026-09-08T08:10:39.573Z,-1,2026-09-08T08:10:39.573Z,-1,null
50002197,https://review.tm-examcenter.aws.uspto.gov/review/50002197,null,ITU,BASE,BASE,ITU,,0,0,0,0,null,630,0,0,0,1,0,2026-07-28T10:19:39.000Z,ITU,4,STANDARD CHARACTER MARK,SOCCHER,SOCCHER,http://tmng-al.uspto.gov/resting2/api/img/50002197/Large,2026-09-08T08:10:39.000Z,0,2026-07-20T14:26:07.000Z,2026-09-08T08:10:39.573Z,-1,2026-09-08T08:10:39.573Z,-1,null
50002220,https://review.tm-examcenter.aws.uspto.gov/review/50002220,null,USE,BASE,BASE,USE,,0,0,0,0,null,630,0,0,1,0,0,2026-07-20T16:34:07.000Z,USE,4,STANDARD CHARACTER MARK,ASCENDER PRO,ASCENDER PRO,http://tmng-al.uspto.gov/resting2/api/img/50002220/Large,2026-09-08T08:10:39.000Z,0,2026-07-20T14:35:07.000Z,2026-09-08T08:10:39.573Z,-1,2026-09-08T08:10:39.573Z,-1,null
50002241,https://review.tm-examcenter.aws.uspto.gov/review/50002241,null,USE,BASE,BASE,USE,,0,0,0,0,null,630,0,0,1,0,0,2026-07-20T16:04:08.000Z,USE,4,STANDARD CHARACTER MARK,ICONIK COFFEE ROASTERS,ICONIK COFFEE ROASTERS,http://tmng-al.uspto.gov/resting2/api/img/50002241/Large,2026-09-08T08:10:39.000Z,0,2026-07-20T14:39:07.000Z,2026-09-08T08:10:39.573Z,-1,2026-09-08T08:10:39.573Z,-1,null
50002250,https://review.tm-examcenter.aws.uspto.gov/review/50002250,null,ITU,BASE,BASE,ITU,,0,0,0,0,null,630,0,0,0,1,0,2026-07-20T15:10:25.000Z,ITU,4,STANDARD CHARACTER MARK,JOT,JOT,http://tmng-al.uspto.gov/resting2/api/img/50002250/Large,2026-09-08T08:10:39.000Z,0,2026-07-20T14:42:07.000Z,2026-09-08T08:10:39.573Z,-1,2026-09-08T08:10:39.573Z,-1,null
50002284,https://review.tm-examcenter.aws.uspto.gov/review/50002284,null,ITU,BASE,BASE,ITU,,0,0,0,0,null,630,0,0,0,1,0,2026-07-20T17:25:58.000Z,ITU,4,STANDARD CHARACTER MARK,KEMACOPA,KEMACOPA,http://tmng-al.uspto.gov/resting2/api/img/50002284/Large,2026-09-08T08:10:39.000Z,0,2026-07-20T14:49:07.000Z,2026-09-08T08:10:39.573Z,-1,2026-09-08T08:10:39.573Z,-1,null
50002324,https://review.tm-examcenter.aws.uspto.gov/review/50002324,null,USE,BASE,BASE,USE,,0,0,0,0,null,630,0,0,1,0,0,2026-07-20T15:08:00.000Z,USE,4,STANDARD CHARACTER MARK,NATRA SLEEP,NATRA SLEEP,http://tmng-al.uspto.gov/resting2/api/img/50002324/Large,2026-09-08T08:10:39.000Z,0,2026-07-20T15:03:07.000Z,2026-09-08T08:10:39.573Z,-1,2026-09-08T08:10:39.573Z,-1,null
50002385,https://review.tm-examcenter.aws.uspto.gov/review/50002385,null,USE,BASE,BASE,USE,,0,0,0,0,null,630,0,0,1,0,0,2026-07-20T19:35:13.000Z,USE,4,STANDARD CHARACTER MARK,EASERUN,EASERUN,http://tmng-al.uspto.gov/resting2/api/img/50002385/Large,2026-09-08T08:10:39.000Z,0,2026-07-20T15:22:07.000Z,2026-09-08T08:10:39.573Z,-1,2026-09-08T08:10:39.573Z,-1,null
50002431,https://review.tm-examcenter.aws.uspto.gov/review/50002431,null,USE,BASE,BASE,USE,,0,0,0,0,null,630,0,0,1,0,0,2026-07-20T21:08:04.000Z,USE,3,AN ILLUSTRATION DRAWING WHICH INCLUDES WORD(S)/LETTER(S)/NUMBER(S),PAULETTE CAFÉ,PAULETTE CAFÉ,http://tmng-al.uspto.gov/resting2/api/img/50002431/Large,2026-09-08T08:10:39.000Z,0,2026-07-20T15:46:08.000Z,2026-09-08T08:10:39.573Z,-1,2026-09-08T08:10:39.573Z,-1,null
50002454,https://review.tm-examcenter.aws.uspto.gov/review/50002454,null,ITU,BASE,BASE,ITU,,0,0,0,0,null,630,0,0,0,1,0,2026-07-20T15:42:58.000Z,ITU,4,STANDARD CHARACTER MARK,STUART,STUART,http://tmng-al.uspto.gov/resting2/api/img/50002454/Large,2026-09-08T08:10:39.000Z,0,2026-07-20T15:41:07.000Z,2026-09-08T08:10:39.573Z,-1,2026-09-08T08:10:39.573Z,-1,null
50002455,https://review.tm-examcenter.aws.uspto.gov/review/50002455,null,USE,BASE,BASE,USE,,0,0,0,0,null,630,0,0,1,0,0,2026-07-20T21:58:54.000Z,USE,4,STANDARD CHARACTER MARK,AXD OFFROAD,AXD OFFROAD,http://tmng-al.uspto.gov/resting2/api/img/50002455/Large,2026-09-08T08:10:39.000Z,0,2026-07-20T15:41:07.000Z,2026-09-08T08:10:39.573Z,-1,2026-09-08T08:10:39.573Z,-1,null
50002460,https://review.tm-examcenter.aws.uspto.gov/review/50002460,null,ITU,BASE,BASE,ITU,,0,0,0,0,null,630,0,0,0,1,0,2026-07-27T18:19:32.000Z,ITU,4,STANDARD CHARACTER MARK,JESUS SAVED MY BACON,JESUS SAVED MY BACON,http://tmng-al.uspto.gov/resting2/api/img/50002460/Large,2026-09-08T08:10:39.000Z,0,2026-07-20T15:43:07.000Z,2026-09-08T08:10:39.573Z,-1,2026-09-08T08:10:39.573Z,-1,null
50002503,https://review.tm-examcenter.aws.uspto.gov/review/50002503,null,ITU,BASE,BASE,ITU,,0,0,0,0,null,630,0,0,0,1,0,2026-07-20T23:41:40.000Z,ITU,4,STANDARD CHARACTER MARK,XELINA,XELINA,http://tmng-al.uspto.gov/resting2/api/img/50002503/Large,2026-09-08T08:10:39.000Z,0,2026-07-20T15:51:07.000Z,2026-09-08T08:10:39.573Z,-1,2026-09-08T08:10:39.573Z,-1,null
50002511,https://review.tm-examcenter.aws.uspto.gov/review/50002511,null,ITU,BASE,BASE,ITU,,0,0,0,0,null,630,0,0,0,1,0,2026-07-20T16:01:28.000Z,ITU,4,STANDARD CHARACTER MARK,LIGHT OF NEW HABIT,LIGHT OF NEW HABIT,http://tmng-al.uspto.gov/resting2/api/img/50002511/Large,2026-09-08T08:10:39.000Z,0,2026-07-20T15:54:07.000Z,2026-09-08T08:10:39.573Z,-1,2026-09-08T08:10:39.573Z,-1,null
50002514,https://review.tm-examcenter.aws.uspto.gov/review/50002514,null,USE,BASE,BASE,USE,,0,0,0,0,null,630,0,0,1,0,0,2026-07-21T15:04:14.000Z,USE,3,AN ILLUSTRATION DRAWING WHICH INCLUDES WORD(S)/LETTER(S)/NUMBER(S),EFFICIENT MARKETS,EFFICIENT MARKETS,http://tmng-al.uspto.gov/resting2/api/img/50002514/Large,2026-09-08T08:10:39.000Z,0,2026-07-20T15:53:07.000Z,2026-09-08T08:10:39.573Z,-1,2026-09-08T08:10:39.573Z,-1,null
