serial_number,ph_action_number,ph_action_code,cm_sys_dt,ph_action_date,last_modified_date,oracle_apply_time,cm_prcd_num,ri_notif_dt,cm_desc,fifth_char_cm_type,cm_flg_paper,ttab_tracking_num,tm_worker_eid,create_ts,create_user_id,update_ts,update_user_id
50011183,2,MAFR,2026-07-24,2026-07-24,2026-07-24T09:28:08.000Z,null,TMNS,null,APPLICATION FILING RECEIPT MAILED,O,1,null,null,2026-09-08T08:11:32.449Z,-1,2026-09-08T08:11:32.449Z,-1
50031592,1,NWAP,2026-08-04,2026-08-04,2026-08-04T16:39:08.000Z,null,EFILE,null,NEW APPLICATION ENTERED,I,0,null,EFILE,2026-09-08T08:11:32.449Z,-1,2026-09-08T08:11:32.449Z,-1
50049695,2,MAFR,2026-08-13,2026-08-13,2026-08-13T17:48:07.000Z,null,TMNS,null,APPLICATION FILING RECEIPT MAILED,O,1,null,null,2026-09-08T08:11:32.449Z,-1,2026-09-08T08:11:32.449Z,-1
71129087,4,CAEX,null,2001-09-08,2001-09-08T00:00:00.000Z,null,0,null,CANCELLED SEC. 8 (10-YR)/EXPIRED SECTION 9,O,0,null,null,2026-09-08T08:11:32.449Z,-1,2026-09-08T08:11:32.449Z,-1
71323262,11,CORV,2009-06-23,2009-06-23,2009-06-23T12:26:29.000Z,null,61619,null,REVIEW OF CORRESPONDENCE COMPLETE,P,0,null,61619,2026-09-08T08:11:32.449Z,-1,2026-09-08T08:11:32.449Z,-1
71368577,21,PLGL,null,2007-12-18,2007-12-18T00:00:00.000Z,null,59136,null,ASSIGNED TO PARALEGAL,A,0,null,59136,2026-09-08T08:11:32.449Z,-1,2026-09-08T08:11:32.449Z,-1
71449184,1,REN2,null,1982-08-18,1982-08-18T00:00:00.000Z,null,0,null,REGISTERED AND RENEWED (SECOND RENEWAL - 20 YRS),R,0,null,null,2026-09-08T08:11:32.449Z,-1,2026-09-08T08:11:32.449Z,-1
71529237,2,EXRG,null,1992-11-03,1992-11-03T00:00:00.000Z,null,0,null,EXPIRED SEC. 9,O,0,null,null,2026-09-08T08:11:32.449Z,-1,2026-09-08T08:11:32.449Z,-1
72021633,22,NA89,2017-09-22,2017-09-22,2017-09-22T23:02:07.000Z,null,0,null,NOTICE OF ACCEPTANCE OF SEC. 8 & 9 - E-MAILED,E,0,null,null,2026-09-08T08:11:32.449Z,-1,2026-09-08T08:11:32.449Z,-1
72114120,4,CAEX,null,2002-07-20,2002-07-20T00:00:00.000Z,null,0,null,CANCELLED SEC. 8 (10-YR)/EXPIRED SECTION 9,O,0,null,null,2026-09-08T08:11:32.449Z,-1,2026-09-08T08:11:32.449Z,-1
72288002,17,89AG,2018-08-23,2018-08-23,2018-08-23T13:12:46.000Z,null,74272,null,REGISTERED - SEC. 8 (10-YR) ACCEPTED/SEC. 9 GRANTED,O,0,null,74272,2026-09-08T08:11:32.449Z,-1,2026-09-08T08:11:32.449Z,-1
72296234,23,EWOR,2021-01-05,2021-01-05,2021-01-05T18:07:32.000Z,null,0,null,TEAS WITHDRAWAL AS DOMESTIC REPRESENTATIVE RECEIVED,I,0,null,null,2026-09-08T08:11:32.449Z,-1,2026-09-08T08:11:32.449Z,-1
72375932,13,ASCK,2016-04-13,2016-04-13,2016-04-13T23:00:06.000Z,null,0,null,ASSIGNMENT OF OWNERSHIP NOT UPDATED AUTOMATICALLY,I,0,null,null,2026-09-08T08:11:32.449Z,-1,2026-09-08T08:11:32.449Z,-1
72418364,1,C15A,null,1979-08-28,1979-08-28T00:00:00.000Z,null,0,null,REGISTERED - SEC. 8 (6-YR) ACCEPTED & SEC. 15 ACK.,O,0,null,null,2026-09-08T08:11:32.449Z,-1,2026-09-08T08:11:32.449Z,-1
73051269,1,C15A,null,1981-07-27,1981-07-27T00:00:00.000Z,null,0,null,REGISTERED - SEC. 8 (6-YR) ACCEPTED & SEC. 15 ACK.,O,0,null,null,2026-09-08T08:11:32.449Z,-1,2026-09-08T08:11:32.449Z,-1
73060424,16,ASGN,2022-11-25,2022-11-25,2022-11-25T19:00:06.000Z,null,0,null,AUTOMATIC UPDATE OF ASSIGNMENT OF OWNERSHIP,I,0,null,null,2026-09-08T08:11:32.449Z,-1,2026-09-08T08:11:32.449Z,-1
73175754,12,89AG,null,2001-08-10,2001-08-10T00:00:00.000Z,null,0,null,REGISTERED - SEC. 8 (10-YR) ACCEPTED/SEC. 9 GRANTED,O,0,null,null,2026-09-08T08:11:32.449Z,-1,2026-09-08T08:11:32.449Z,-1
73187362,9,TCCA,2013-03-01,2013-02-28,2013-03-01T09:32:18.000Z,null,0,null,TEAS CHANGE OF CORRESPONDENCE RECEIVED,I,0,null,null,2026-09-08T08:11:32.449Z,-1,2026-09-08T08:11:32.449Z,-1
73240586,2,CNRT,null,1980-12-15,1980-12-15T00:00:00.000Z,null,0,null,NON-FINAL ACTION MAILED,F,1,null,null,2026-09-08T08:11:32.449Z,-1,2026-09-08T08:11:32.449Z,-1
73254521,16,PR89,null,2003-08-14,2003-08-14T00:00:00.000Z,null,0,null,POST REGISTRATION ACTION MAILED - SEC. 8 & 9,O,0,null,null,2026-09-08T08:11:32.449Z,-1,2026-09-08T08:11:32.449Z,-1
73268827,2,R.PR,null,1982-06-01,1982-06-01T00:00:00.000Z,null,0,null,REGISTERED-PRINCIPAL REGISTER,A,0,null,null,2026-09-08T08:11:32.449Z,-1,2026-09-08T08:11:32.449Z,-1
73321558,13,C15A,null,1989-09-26,1989-09-26T00:00:00.000Z,null,0,null,REGISTERED - SEC. 8 (6-YR) ACCEPTED & SEC. 15 ACK.,O,0,null,null,2026-09-08T08:11:32.449Z,-1,2026-09-08T08:11:32.449Z,-1
73336287,3,CRFA,null,1983-07-18,1983-07-18T00:00:00.000Z,null,0,null,CORRESPONDENCE RECEIVED IN LAW OFFICE,I,0,null,null,2026-09-08T08:11:32.449Z,-1,2026-09-08T08:11:32.449Z,-1
73346107,14,RNL1,null,2003-06-06,2003-06-06T00:00:00.000Z,null,0,null,REGISTERED AND RENEWED (FIRST RENEWAL - 10 YRS),Q,0,null,null,2026-09-08T08:11:32.449Z,-1,2026-09-08T08:11:32.449Z,-1
73363272,9,C8..,null,1990-11-26,1990-11-26T00:00:00.000Z,null,0,null,CANCELLED SEC. 8 (6-YR),O,0,null,null,2026-09-08T08:11:32.449Z,-1,2026-09-08T08:11:32.449Z,-1
73367399,1,DOCK,null,1983-03-17,1983-03-17T00:00:00.000Z,null,0,null,ASSIGNED TO EXAMINER,D,0,null,null,2026-09-08T08:11:32.449Z,-1,2026-09-08T08:11:32.449Z,-1
73374682,6,PUBO,null,1983-05-31,1983-05-31T00:00:00.000Z,null,0,null,PUBLISHED FOR OPPOSITION,A,0,null,null,2026-09-08T08:11:32.449Z,-1,2026-09-08T08:11:32.449Z,-1
73402029,2,CNRT,null,1983-09-08,1983-09-08T00:00:00.000Z,null,0,null,NON-FINAL ACTION MAILED,F,1,null,null,2026-09-08T08:11:32.449Z,-1,2026-09-08T08:11:32.449Z,-1
73414121,9,C8..,null,1991-07-29,1991-07-29T00:00:00.000Z,null,0,null,CANCELLED SEC. 8 (6-YR),O,0,null,null,2026-09-08T08:11:32.449Z,-1,2026-09-08T08:11:32.449Z,-1
73414373,19,ASCK,null,2006-09-27,2006-09-27T00:00:00.000Z,null,0,null,ASSIGNMENT OF OWNERSHIP NOT UPDATED AUTOMATICALLY,I,0,null,null,2026-09-08T08:11:32.449Z,-1,2026-09-08T08:11:32.449Z,-1
73416491,17,ASCK,2012-12-12,2012-12-12,2012-12-12T23:31:50.000Z,null,0,null,ASSIGNMENT OF OWNERSHIP NOT UPDATED AUTOMATICALLY,I,0,null,null,2026-09-08T08:11:32.449Z,-1,2026-09-08T08:11:32.449Z,-1
73437676,4,CNSA,null,1984-04-16,1984-04-16T00:00:00.000Z,null,0,null,APPROVED FOR PUB - PRINCIPAL REGISTER,O,0,null,null,2026-09-08T08:11:32.449Z,-1,2026-09-08T08:11:32.449Z,-1
73449655,7,CNFR,null,1985-03-28,1985-03-28T00:00:00.000Z,null,0,null,FINAL REFUSAL MAILED,O,1,null,null,2026-09-08T08:11:32.449Z,-1,2026-09-08T08:11:32.449Z,-1
73465722,5,NPUB,null,1984-12-06,1984-12-06T00:00:00.000Z,null,0,null,NOTICE OF PUBLICATION,O,0,null,null,2026-09-08T08:11:32.449Z,-1,2026-09-08T08:11:32.449Z,-1
73474441,2,CNRT,null,1984-07-24,1984-07-24T00:00:00.000Z,null,0,null,NON-FINAL ACTION MAILED,F,1,null,null,2026-09-08T08:11:32.449Z,-1,2026-09-08T08:11:32.449Z,-1
73516869,9,C8..,null,1993-03-01,1993-03-01T00:00:00.000Z,null,0,null,CANCELLED SEC. 8 (6-YR),O,0,null,null,2026-09-08T08:11:32.449Z,-1,2026-09-08T08:11:32.449Z,-1
73551998,5,CNSA,null,1986-10-03,1986-10-03T00:00:00.000Z,null,0,null,APPROVED FOR PUB - PRINCIPAL REGISTER,O,0,null,null,2026-09-08T08:11:32.449Z,-1,2026-09-08T08:11:32.449Z,-1
73561498,18,ASCK,2010-10-27,2010-10-27,2010-10-27T23:32:06.000Z,null,0,null,ASSIGNMENT OF OWNERSHIP NOT UPDATED AUTOMATICALLY,I,0,null,null,2026-09-08T08:11:32.449Z,-1,2026-09-08T08:11:32.449Z,-1
73565850,2,CRFA,null,1986-03-13,1986-03-13T00:00:00.000Z,null,0,null,CORRESPONDENCE RECEIVED IN LAW OFFICE,I,0,null,null,2026-09-08T08:11:32.449Z,-1,2026-09-08T08:11:32.449Z,-1
73569724,3,CNEA,null,1986-07-18,1986-07-18T00:00:00.000Z,null,0,null,EXAMINERS AMENDMENT MAILED,O,1,null,null,2026-09-08T08:11:32.449Z,-1,2026-09-08T08:11:32.449Z,-1
73569853,22,RNL2,2016-06-25,2016-06-25,2016-06-25T16:04:27.000Z,null,67603,null,REGISTERED AND RENEWED (SECOND RENEWAL - 10 YRS),Q,0,null,67603,2026-09-08T08:11:32.449Z,-1,2026-09-08T08:11:32.449Z,-1
73580233,5,CNEA,null,1986-12-04,1986-12-04T00:00:00.000Z,null,0,null,EXAMINERS AMENDMENT MAILED,O,1,null,null,2026-09-08T08:11:32.449Z,-1,2026-09-08T08:11:32.449Z,-1
73642264,50,TCCA,2026-01-13,2026-01-12,2026-01-13T16:28:45.000Z,null,99999,null,TEAS CHANGE OF CORRESPONDENCE RECEIVED,I,0,null,99999,2026-09-08T08:11:32.449Z,-1,2026-09-08T08:11:32.449Z,-1
73644153,43,ASCK,2025-06-22,2025-06-22,2025-06-22T20:02:02.000Z,null,ASGN,null,ASSIGNMENT OF OWNERSHIP NOT UPDATED AUTOMATICALLY,I,0,null,null,2026-09-08T08:11:32.449Z,-1,2026-09-08T08:11:32.449Z,-1
73645191,2,CNRT,null,1987-05-12,1987-05-12T00:00:00.000Z,null,0,null,NON-FINAL ACTION MAILED,F,1,null,null,2026-09-08T08:11:32.449Z,-1,2026-09-08T08:11:32.449Z,-1
73679744,6,R.PR,null,1988-08-09,1988-08-09T00:00:00.000Z,null,0,null,REGISTERED-PRINCIPAL REGISTER,A,0,null,null,2026-09-08T08:11:32.449Z,-1,2026-09-08T08:11:32.449Z,-1
73694297,4,CNSA,null,1988-05-16,1988-05-16T00:00:00.000Z,null,0,null,APPROVED FOR PUB - PRINCIPAL REGISTER,O,0,null,null,2026-09-08T08:11:32.449Z,-1,2026-09-08T08:11:32.449Z,-1
73699652,10,PUBO,null,1990-06-19,1990-06-19T00:00:00.000Z,null,0,null,PUBLISHED FOR OPPOSITION,A,0,null,null,2026-09-08T08:11:32.449Z,-1,2026-09-08T08:11:32.449Z,-1
73701408,5,PUBO,null,1988-07-26,1988-07-26T00:00:00.000Z,null,0,null,PUBLISHED FOR OPPOSITION,A,0,null,null,2026-09-08T08:11:32.449Z,-1,2026-09-08T08:11:32.449Z,-1
73718994,1,DOCK,null,1988-05-20,1988-05-20T00:00:00.000Z,null,62955,null,ASSIGNED TO EXAMINER,D,0,null,62955,2026-09-08T08:11:32.449Z,-1,2026-09-08T08:11:32.449Z,-1
73726799,2,CNEA,null,1988-07-08,1988-07-08T00:00:00.000Z,null,0,null,EXAMINER'S AMENDMENT MAILED,F,1,null,null,2026-09-08T08:11:32.449Z,-1,2026-09-08T08:11:32.449Z,-1
73730646,17,ARAA,2014-07-03,2014-07-02,2014-07-03T09:03:32.000Z,null,0,null,ATTORNEY/DOM.REP.REVOKED AND/OR APPOINTED,I,0,null,null,2026-09-08T08:11:32.449Z,-1,2026-09-08T08:11:32.449Z,-1
73745634,3,CNSA,null,1988-10-12,1988-10-12T00:00:00.000Z,null,0,null,APPROVED FOR PUB - PRINCIPAL REGISTER,O,0,null,null,2026-09-08T08:11:32.449Z,-1,2026-09-08T08:11:32.449Z,-1
73771981,6,CNRT,null,1989-10-17,1989-10-17T00:00:00.000Z,null,0,null,NON-FINAL ACTION MAILED,O,1,null,null,2026-09-08T08:11:32.449Z,-1,2026-09-08T08:11:32.449Z,-1
73783808,23,RNL2,null,2009-09-30,2009-09-30T00:00:00.000Z,null,60132,null,REGISTERED AND RENEWED (SECOND RENEWAL - 10 YRS),Q,0,null,60132,2026-09-08T08:11:32.449Z,-1,2026-09-08T08:11:32.449Z,-1
73785204,11,CNSI,null,1991-10-07,1991-10-07T00:00:00.000Z,null,0,null,INQUIRY AS TO SUSPENSION MAILED,O,1,null,null,2026-09-08T08:11:32.449Z,-1,2026-09-08T08:11:32.449Z,-1
73812966,1,DOCK,null,1989-09-18,1989-09-18T00:00:00.000Z,null,59851,null,ASSIGNED TO EXAMINER,D,0,null,59851,2026-09-08T08:11:32.449Z,-1,2026-09-08T08:11:32.449Z,-1
73816448,4,CNFR,null,1990-07-18,1990-07-18T00:00:00.000Z,null,0,null,FINAL REFUSAL MAILED,O,1,null,null,2026-09-08T08:11:32.449Z,-1,2026-09-08T08:11:32.449Z,-1
73819418,16,RNL1,null,2001-11-15,2001-11-15T00:00:00.000Z,null,0,null,REGISTERED AND RENEWED (FIRST RENEWAL - 10 YRS),Q,0,null,null,2026-09-08T08:11:32.449Z,-1,2026-09-08T08:11:32.449Z,-1
73833953,34,REAP,2020-11-24,2020-11-23,2020-11-24T13:40:45.000Z,null,0,null,TEAS REVOKE/APP/CHANGE ADDR OF ATTY/DOM REP RECEIVED,I,0,null,null,2026-09-08T08:11:32.449Z,-1,2026-09-08T08:11:32.449Z,-1
73835178,16,RNL2,null,2009-12-26,2009-12-26T00:00:00.000Z,null,67723,null,REGISTERED AND RENEWED (SECOND RENEWAL - 10 YRS),Q,0,null,67723,2026-09-08T08:11:32.449Z,-1,2026-09-08T08:11:32.449Z,-1
73839985,4,CNSA,null,1990-02-26,1990-02-26T00:00:00.000Z,null,0,null,APPROVED FOR PUB - PRINCIPAL REGISTER,O,0,null,null,2026-09-08T08:11:32.449Z,-1,2026-09-08T08:11:32.449Z,-1
74013380,18,RNL1,null,2001-07-26,2001-07-26T00:00:00.000Z,null,0,null,REGISTERED AND RENEWED (FIRST RENEWAL - 10 YRS),Q,0,null,null,2026-09-08T08:11:32.449Z,-1,2026-09-08T08:11:32.449Z,-1
74061287,7,R.PR,null,1991-04-30,1991-04-30T00:00:00.000Z,null,0,null,REGISTERED-PRINCIPAL REGISTER,A,0,null,null,2026-09-08T08:11:32.449Z,-1,2026-09-08T08:11:32.449Z,-1
74081560,2,CRFA,null,1990-10-18,1990-10-18T00:00:00.000Z,null,0,null,CORRESPONDENCE RECEIVED IN LAW OFFICE,I,0,null,null,2026-09-08T08:11:32.449Z,-1,2026-09-08T08:11:32.449Z,-1
74081918,1,DOCK,null,1990-12-17,1990-12-17T00:00:00.000Z,null,69228,null,ASSIGNED TO EXAMINER,D,0,null,69228,2026-09-08T08:11:32.449Z,-1,2026-09-08T08:11:32.449Z,-1
74083068,16,89AG,2011-07-26,2011-07-26,2011-07-26T09:51:32.000Z,null,0,null,REGISTERED - SEC. 8 (10-YR) ACCEPTED/SEC. 9 GRANTED,O,0,null,null,2026-09-08T08:11:32.449Z,-1,2026-09-08T08:11:32.449Z,-1
74083454,3,CNSA,null,1991-02-07,1991-02-07T00:00:00.000Z,null,0,null,APPROVED FOR PUB - PRINCIPAL REGISTER,O,0,null,null,2026-09-08T08:11:32.449Z,-1,2026-09-08T08:11:32.449Z,-1
74094976,37,REM2,2021-10-20,2021-10-20,2021-10-20T01:35:09.000Z,null,0,null,COURTESY REMINDER - SEC. 8 (10-YR)/SEC. 9 E-MAILED,E,0,null,null,2026-09-08T08:11:32.449Z,-1,2026-09-08T08:11:32.449Z,-1
74097413,25,NA89,2012-12-13,2012-12-13,2012-12-13T23:01:12.000Z,null,0,null,NOTICE OF ACCEPTANCE OF SEC. 8 & 9 - E-MAILED,E,0,null,null,2026-09-08T08:11:32.449Z,-1,2026-09-08T08:11:32.449Z,-1
74116898,7,DOCK,null,1991-08-30,1991-08-30T00:00:00.000Z,null,66593,null,ASSIGNED TO EXAMINER,D,0,null,66593,2026-09-08T08:11:32.449Z,-1,2026-09-08T08:11:32.449Z,-1
74121466,8,CNPR,null,1992-01-09,1992-01-09T00:00:00.000Z,null,0,null,ALLOWED PRINCIPAL REGISTER - SOU ACCEPTED,P,0,null,null,2026-09-08T08:11:32.449Z,-1,2026-09-08T08:11:32.449Z,-1
74129557,13,CNPR,null,1993-08-05,1993-08-05T00:00:00.000Z,null,0,null,ALLOWED PRINCIPAL REGISTER - SOU ACCEPTED,P,0,null,null,2026-09-08T08:11:32.449Z,-1,2026-09-08T08:11:32.449Z,-1
74144627,1,DOCK,null,1991-06-13,1991-06-13T00:00:00.000Z,null,62343,null,ASSIGNED TO EXAMINER,D,0,null,62343,2026-09-08T08:11:32.449Z,-1,2026-09-08T08:11:32.449Z,-1
74148434,1,DOCK,null,1991-06-20,1991-06-20T00:00:00.000Z,null,68478,null,ASSIGNED TO EXAMINER,D,0,null,68478,2026-09-08T08:11:32.449Z,-1,2026-09-08T08:11:32.449Z,-1
74173339,5,NPUB,null,1992-03-13,1992-03-13T00:00:00.000Z,null,0,null,NOTICE OF PUBLICATION,O,0,null,null,2026-09-08T08:11:32.449Z,-1,2026-09-08T08:11:32.449Z,-1
74194217,6,EXT1,null,1992-12-22,1992-12-22T00:00:00.000Z,null,0,null,SOU EXTENSION 1 FILED,S,0,null,null,2026-09-08T08:11:32.449Z,-1,2026-09-08T08:11:32.449Z,-1
74195445,6,OP.I,null,1992-08-14,1992-08-14T00:00:00.000Z,null,88071,null,OPPOSITION INSTITUTED NO. 999999,T,0,null,88071,2026-09-08T08:11:32.449Z,-1,2026-09-08T08:11:32.449Z,-1
74224365,11,CNRT,null,1993-11-01,1993-11-01T00:00:00.000Z,null,0,null,NON-FINAL ACTION MAILED,S,1,null,null,2026-09-08T08:11:32.449Z,-1,2026-09-08T08:11:32.449Z,-1
74225018,4,CNEA,null,1992-07-08,1992-07-08T00:00:00.000Z,null,0,null,EXAMINER'S AMENDMENT MAILED,F,1,null,null,2026-09-08T08:11:32.449Z,-1,2026-09-08T08:11:32.449Z,-1
74252759,2,DOCK,null,1992-05-19,1992-05-19T00:00:00.000Z,null,66454,null,ASSIGNED TO EXAMINER,D,0,null,66454,2026-09-08T08:11:32.449Z,-1,2026-09-08T08:11:32.449Z,-1
74264103,3,CRFA,null,1992-07-23,1992-07-23T00:00:00.000Z,null,0,null,CORRESPONDENCE RECEIVED IN LAW OFFICE,I,0,null,null,2026-09-08T08:11:32.449Z,-1,2026-09-08T08:11:32.449Z,-1
74267559,8,815F,null,1999-06-28,1999-06-28T00:00:00.000Z,null,0,null,REGISTERED - SEC. 8 (6-YR) & SEC. 15 FILED,I,0,null,null,2026-09-08T08:11:32.449Z,-1,2026-09-08T08:11:32.449Z,-1
74272860,28,REM2,2022-07-13,2022-07-13,2022-07-13T01:35:44.000Z,null,0,null,COURTESY REMINDER - SEC. 8 (10-YR)/SEC. 9 E-MAILED,E,0,null,null,2026-09-08T08:11:32.449Z,-1,2026-09-08T08:11:32.449Z,-1
74277636,5,PUBO,null,1992-10-27,1992-10-27T00:00:00.000Z,null,0,null,PUBLISHED FOR OPPOSITION,A,0,null,null,2026-09-08T08:11:32.449Z,-1,2026-09-08T08:11:32.449Z,-1
74281322,14,EXT4,null,1995-02-09,1995-02-09T00:00:00.000Z,null,0,null,SOU EXTENSION 4 FILED,S,0,null,null,2026-09-08T08:11:32.449Z,-1,2026-09-08T08:11:32.449Z,-1
74313380,15,C15A,null,2000-09-22,2000-09-22T00:00:00.000Z,null,0,null,REGISTERED - SEC. 8 (6-YR) ACCEPTED & SEC. 15 ACK.,O,0,null,null,2026-09-08T08:11:32.449Z,-1,2026-09-08T08:11:32.449Z,-1
74377357,6,ETOF,null,1993-10-28,1993-10-28T00:00:00.000Z,null,0,null,EXTENSION OF TIME TO OPPOSE RECEIVED,T,0,null,null,2026-09-08T08:11:32.449Z,-1,2026-09-08T08:11:32.449Z,-1
74393629,28,REAP,2014-02-06,2014-02-04,2014-02-06T09:30:48.000Z,null,0,null,TEAS REVOKE/APP/CHANGE ADDR OF ATTY/DOM REP RECEIVED,I,0,null,null,2026-09-08T08:11:32.449Z,-1,2026-09-08T08:11:32.449Z,-1
74399733,2,CNRT,null,1993-10-07,1993-10-07T00:00:00.000Z,null,0,null,NON-FINAL ACTION MAILED,F,1,null,null,2026-09-08T08:11:32.449Z,-1,2026-09-08T08:11:32.449Z,-1
74402549,22,C8.T,2017-09-01,2017-09-01,2017-09-01T11:04:40.000Z,null,74193,null,CANCELLED SEC. 8 (10-YR),O,0,null,74193,2026-09-08T08:11:32.449Z,-1,2026-09-08T08:11:32.449Z,-1
74408910,9,CRFA,null,1994-07-07,1994-07-07T00:00:00.000Z,null,0,null,CORRESPONDENCE RECEIVED IN LAW OFFICE,I,0,null,null,2026-09-08T08:11:32.449Z,-1,2026-09-08T08:11:32.449Z,-1
74410412,3,NPUB,null,1993-11-26,1993-11-26T00:00:00.000Z,null,0,null,NOTICE OF PUBLICATION,O,0,null,null,2026-09-08T08:11:32.449Z,-1,2026-09-08T08:11:32.449Z,-1
74418285,2,CNRT,null,1994-01-31,1994-01-31T00:00:00.000Z,null,0,null,NON-FINAL ACTION MAILED,F,1,null,null,2026-09-08T08:11:32.449Z,-1,2026-09-08T08:11:32.449Z,-1
74430565,9,815F,null,2001-03-22,2001-03-22T00:00:00.000Z,null,0,null,REGISTERED - SEC. 8 (6-YR) & SEC. 15 FILED,I,0,null,null,2026-09-08T08:11:32.449Z,-1,2026-09-08T08:11:32.449Z,-1
74432068,12,EX3G,null,1996-03-06,1996-03-06T00:00:00.000Z,null,0,null,SOU EXTENSION 3 GRANTED,S,0,null,null,2026-09-08T08:11:32.449Z,-1,2026-09-08T08:11:32.449Z,-1
74436329,9,PETG,null,1995-05-26,1995-05-26T00:00:00.000Z,null,0,null,PETITION TO REVIVE-GRANTED,O,0,null,null,2026-09-08T08:11:32.449Z,-1,2026-09-08T08:11:32.449Z,-1
74458105,5,CNSA,null,1994-12-23,1994-12-23T00:00:00.000Z,null,0,null,APPROVED FOR PUB - PRINCIPAL REGISTER,O,0,null,null,2026-09-08T08:11:32.449Z,-1,2026-09-08T08:11:32.449Z,-1
74466068,2,DOCK,null,1994-08-12,1994-08-12T00:00:00.000Z,null,69800,null,ASSIGNED TO EXAMINER,D,0,null,69800,2026-09-08T08:11:32.449Z,-1,2026-09-08T08:11:32.449Z,-1
74478196,14,SUPC,null,1997-03-19,1997-03-19T00:00:00.000Z,null,0,null,STATEMENT OF USE PROCESSING COMPLETE,I,0,null,null,2026-09-08T08:11:32.449Z,-1,2026-09-08T08:11:32.449Z,-1
